name,department,info,cause,symptom
간염,소화기내과,간염은 간세포 조직에 염증이 생긴 것을 의미합니다.,간염은 바이러스` 약물` 알코올` 화학 약물` 독초 등으로 인하여 발병합니다. 바이러스성 간염은 원인 병원체에 따라 A형` B형` C형` D형` E형` G형으로 구분됩니다. 드물기는 하지만 자가 면역성 간염이나 윌슨병 등도 간염의 원인이 될 수 있습니다. , 간염은 그 지속 기간에 따라서 급성(6개월 이내)과 만성(6개월 이상)으로 구분됩니다. 급성 간염의 경우 식욕 부진` 오심` 구토 등의 비특이적인 소화기 증상이 생길 수 있으며` 우상 복부 불편감을 느끼면 심한 무력감이 동반됩니다. 또한 미열이나 두통` 근육통` 관절통 등이 있을 수 있고` 눈의 흰자위가 보이고 피부가 노랗게 되고 소변 색이 진해지는 등 황달기가 있습니다. 심하면 피부에 가려움증이 생기기도 합니다. 간혹 급성 간부전으로 진행되면 복수가 차고 간성 뇌증이 동반되기도 합니다. 만성 간염은 급성 간염에 걸린 환자가 완전히 회복되지 않고 간내 염증이 지속되는 경우를 말합니다. 만성 간염은 무증상이 대부분이지만 피로감이나 무력감이 쉽게 동반될 수 있습니다.
간질성 폐질환,호흡기내과,미만성 간질성 폐질환(DILD)은 폐간질에 침범되는 비종양성` 비감염성 질환을 총칭합니다. 폐간질(interstitium)이란 폐포벽을 이루는 조직을 말합니다. 이것은 폐포상피세포` 내피세포` 기저막` 이를 둘러싸는 결체 조직` 모세혈관` 림프관을 모두 포함합니다. 대부분 간질만이 아니라 그 주위의 조직과 폐포 내에도 병변을 동반합니다.,미만성 간질성 폐질환은 진폐증 등과 같은 직업성 폐 질환` 환경적으로 접촉되는 여러 가지 유기물질에 대한 과민성 폐렴` 약제에 의한 폐 질환` 유전성 질환` 류마티스성 관절염이나 전신경화증 등과 같은 교원성 질환의 폐침윤` 방사선 폐렴` 최근 발생 빈도가 증가하는 유육종증 등 다양한 원인에 의해 발생합니다. ,미만성 간질성 폐질환의 주요 증상은 운동 시의 호흡 곤란과 마른 기침입니다. 흉부방사선학적으로 볼 때` 양측 폐에서 폐침윤이 광범위하게 관찰됩니다. 이 질환은 몇 개월 혹은 몇 년에 걸쳐 서서히 악화되지만` 갑자기 발생한 뒤 며칠 만에 악화되기도 합니다.
갑상샘과다증,가정의학과`내분비내과`내분비외과,우리 목 안에는 나비 모양의 갑상선이라는 기관이 있습니다. 갑상선에서는 갑상선호르몬을 배출하여 우리 몸의 여러 기능을 조절합니다. 갑상선기능항진증은 갑상선호르몬이 정상보다 많이 분비되어 몸의 에너지가 빨리 소모되고 많은 기능이 항진되는 질병을 말합니다.,갑상선기능항진증의 가장 흔한 원인은 자가면역 질환에 의한 것입니다. 자가면역 질환이란 외부에서 들어온 바이러스를 공격해야 하는 면역력이 자신의 몸을 외부 바이러스로 착각하고 공격하는 질환입니다.,갑상선 기능이 항진되면 여러 가지 증상이 나타납니다. 신체의 여러 장기가 항진되어 있기 때문에 가만히 있어도 뛰는 효과가 나타납니다. 심박동 수가 빨라지고` 혈압 이상` 숨찬 증상이 나타납니다. 신경질적이고 안절부절못하며 감정의 변화가 심해지는 정서 변화가 나타납니다. 불면증도 생길 수 있습니다. 식욕이 증가해도 체중이 감소하는 경우가 있고` 설사나 변비 같은 소화기 증상이 나타날 수 있습니다. 피부가 건조해지고 땀이 많아지고 머리가 많이 빠질 수 있습니다. 여성의 경우 월경의 양이 줄거나 없어질 수 있고` 남성의 경우 아주 드물지만 여성형 유방이 생길 수 있습니다. 외형적으로는 눈이 앞으로 튀어나오고 목 부위(갑상선 부위)가 커지는 증상이 생깁니다.
갑상선기능저하증,내분비내과,갑상선기능저하증은 우리 몸에 필요한 갑상선호르몬이 부족하여 나타나는 질환을 의미합니다.,갑상선기능저하증은 갑상선 자체에 문제가 생겨서 갑상선호르몬의 생산이 감소하거나` 뇌에 문제가 생겨 갑상선호르몬의 분비를 자극하는 갑상선자극호르몬(TSH)의 생산이 감소함으로써 갑상선호르몬을 충분히 만들지 못하여 나타납니다. 이는 갑상선 수술이나 방사성 요오드 치료를 받은 후 나타날 수 있습니다. 또한 하시모토 갑상선염이라고 불리는 자가면역질환` 선천적 갑상선 결함` 갑상선의 염증 질환이나 바이러스 감염 등으로 인해 유발될 수 있습니다. 뇌의 문제로 인해 발생하는 경우는 시상하부나 뇌하수체에 종양` 감염` 유육종증 또는 암 전이가 생겼을 때입니다.,갑상선호르몬은 열과 에너지를 생성하는 데 필수적입니다. 따라서 갑상선호르몬이 부족하면 온몸의 대사 기능이 저하됩니다. 추위를 잘 타고` 땀이 잘 나지 않고` 피부는 건조하고 창백하며 누렇게 됩니다. 쉽게 피로하고 의욕이 없으며 집중이 잘 되지 않고 기억력이 감퇴합니다. 또한 얼굴과 손발이 붓고` 식욕이 없어 잘 먹지 않는데도 몸이 붓고 체중이 증가합니다. 목소리가 쉬고 말이 느려집니다. 위장관 운동이 저하되어 먹은 것이 잘 내려가지 않으며` 심하면 변비가 생깁니다. 팔다리가 저리고 쑤시며 근육이 단단해지고 근육통이 생깁니다. 여성의 경우 흔히 월경량이 증가합니다. 갑상선기능저하증으로 나타나는 부종은 손가락으로 눌러도 들어가는 자리가 생기지 않는다는 특징이 있습니다. 이처럼 갑상선기능저하증의 증상은 매우 다양하며` 다른 질환에서 나타나는 증상과 유사한 경우가 많습니다. 또한 갑상선기능저하증은 대부분 오랜 시간에 걸쳐 매우 서서히 진행하기 때문에 어느 정도는 적응됩니다. 이에 자각 증상을 뚜렷이 느끼지 못하는 경우가 많습니다. 초기에는 자각 증상이 거의 없어서 단지 검사 결과로만 알 수 있는 경우도 있습니다.
갑상선기능항진증,가정의학과`내분비내과`내분비외과,우리 목 안에는 나비 모양의 갑상선이라는 기관이 있습니다. 갑상선에서는 갑상선호르몬을 배출하여 우리 몸의 여러 기능을 조절합니다. 갑상선기능항진증은 갑상선호르몬이 정상보다 많이 분비되어 몸의 에너지가 빨리 소모되고 많은 기능이 항진되는 질병을 말합니다.,갑상선기능항진증의 가장 흔한 원인은 자가면역 질환에 의한 것입니다. 자가면역 질환이란 외부에서 들어온 바이러스를 공격해야 하는 면역력이 자신의 몸을 외부 바이러스로 착각하고 공격하는 질환입니다.,갑상선 기능이 항진되면 여러 가지 증상이 나타납니다. 신체의 여러 장기가 항진되어 있기 때문에 가만히 있어도 뛰는 효과가 나타납니다. 심박동 수가 빨라지고` 혈압 이상` 숨찬 증상이 나타납니다. 신경질적이고 안절부절못하며 감정의 변화가 심해지는 정서 변화가 나타납니다. 불면증도 생길 수 있습니다. 식욕이 증가해도 체중이 감소하는 경우가 있고` 설사나 변비 같은 소화기 증상이 나타날 수 있습니다. 피부가 건조해지고 땀이 많아지고 머리가 많이 빠질 수 있습니다. 여성의 경우 월경의 양이 줄거나 없어질 수 있고` 남성의 경우 아주 드물지만 여성형 유방이 생길 수 있습니다. 외형적으로는 눈이 앞으로 튀어나오고 목 부위(갑상선 부위)가 커지는 증상이 생깁니다.
강직성 척추염,재활의학과`류마티스내과,강직성 척추염은 척추의 주 병변이 특징인 만성 관절염의 일종입니다. 강직성에서 ‘강직’은 ‘뻣뻣해짐’ 또는 ‘굳는 것’을 의미하고` 척추염은 말 그대로 ‘척추에 염증이 생기는 것’을 의미합니다. 척추 외에 엉덩이` 무릎` 어깨 등의 관절에도 염증을 일으킬 수 있습니다. 여기서 염증은 통증` 부종` 뻣뻣한 느낌` 빨갛게 붓는 증상이 나타나는 현상을 말합니다. 척추에 염증이 생기면 척추뼈들이 같이 굳거나 일체가 되어 자라기 때문에 등이 뻣뻣해지기도 합니다.강직성 척추염은 경미한 경우부터 매우 심한 경우까지 종류가 다양합니다. 초기에 진단하여 적절히 치료하면 통증이나 뻣뻣함을 조절할 수 있어서 심각한 변형의 발생을 줄이거나 예방할 수 있습니다.,아직 정확한 원인은 밝혀지지 않았지만` 유전적 연관이 있다고 알려져 있습니다. 강직성 척추염 환자에게서는 대부분 다른 사람에게는 잘 나타나지 않는 항원(HLA-B27)이 나타납니다. 이 유전적 인자를 가졌다고 해서 반드시 강직성 척추염이 발생하는 것은 아니지만` 그렇지 않은 사람들보다는 발생할 가능성이 큽니다.,개인에 따라 증상에 많은 차이가 있습니다.가장 흔한 초기 증상은 허리 통증으로` 거의 모든 환자에게 나타납니다. 오랜 기간 조금씩 아프기 시작합니다. 주로 잠을 자고 일어난 후에 허리가 뻣뻣하면서 통증이 느껴지고` 활동하다 보면 허리의 통증이 약해지거나 사라지는 특징을 보입니다.또한 엉덩이 관절` 어깨 관절 등이 붓거나 아프고` 발뒤꿈치` 갈비뼈 등에 통증이 발생하며 이 부위를 누르면 더 심해집니다. 눈의 염증이 나타날 수 있고` 드물게는 심장` 신장(콩팥)` 대장 등에 관련 증상이 나타날 수 있습니다.
결장암 / 직장암,소화기내과`종양내과`방사선종양학과`대장항문외과,결장암은 결장 내막에서 시작되는 암입니다.,대장암의 원인으로는 우선 전체 대장암의 약 10~30%를 차지하는 유전성 요인이 있습니다. 다음으로 우리가 스스로 조절하고 미리 원인을 피함으로써 예방할 수 있는 환경적인 요인이 있습니다. 먼저` 유전적 요인으로 발생하는 대장암에는 가족성 용종증과 유전성 비용종증 대장암이 있습니다. 가족성 용종증의 경우` 20~30대에게 잘 나타나며` 95%의 환자는 45세 이전에 발병합니다. 수백 개에서 수천 개의 선종이 대장에 발생하여 설사` 복통` 직장 출혈 등의 증상이 나타납니다. 유전성 비용종증 대장암의 경우` 대장암을 포함하여 각종 암에 걸릴 위험성이 많은 질환입니다. 다음으로` 환경적인 요인으로는 음식 섭취가 있습니다. 특히 과다한 동물성 지방 섭취 및 육류 소비(특히 붉은 고기) 등이 대장암의 발생을 촉진하는 인자로 작용합니다. 또한 비만 환자의 경우 인슐린 저항성이 높아지고 IGF-1이 증가하여 장점막을 자극하므로 대장암 발생의 위험성이 높습니다.  ,초기 대장암 환자들은 다른 고형암과 마찬가지로 대부분 별다른 자각 증세를 느끼지 못합니다. 진행암의 경우 70% 이상의 환자들이 증상을 느낍니다. 우측 대장암의 경우` 대장의 단면적이 넓고` 소화물이 머무는 시간이 좌측보다 상대적으로 짧으므로 소화 장애` 혈변(특히 검은색 변)` 복통을 느낍니다. 우측 대장암이 진행되면 전신 무기력` 만성 실혈에 의한 빈혈 증상인 어지러움` 빈맥` 숨이 차는 증상이 동반되기도 합니다. 이외에 체중이 감소하거나 우측 복벽에 암 덩어리가 만져지기도 합니다. 좌측 대장암의 경우` 대장이 비교적 가늘고 소화물이 잘 정체되어 배변과 관련된 증상이 빈번하게 나타납니다. 혈변(핏덩어리 또는 선혈이 섞인 변)` 배변 습관의 변화` 잔변감` 변 굵기 감소` 점액 변` 복통 등의 증상이 나타납니다. 이외에 체중이 감소할 수 있으며` 직장과 마주하고 있는 방광이 눌리면서 배뇨가 불편해지기도 합니다.  
고혈압,가정의학과`심장내과,고혈압은 혈압이 여러 원인으로 인해 높아진 상태를 의미합니다. 혈압은 동맥혈관 벽에 대항한 혈액의 압력을 말합니다. 혈액의 압력은 심장이 수축하여 동맥혈관으로 혈액을 보낼 때 가장 높은데` 이때의 혈압을 수축기 혈압이라고 합니다. 또한 심장이 늘어나서 혈액을 받아들일 때 가장 낮은데` 이때의 혈압을 이완기 혈압이라고 합니다. 우리나라 성인 인구의 약 30%가 이러한 혈압이 높아진 증상인 고혈압이 있는 것으로 추정됩니다.,고혈압은 교감 신경에 의한 신경성 요인 및 레닌-안지오텐신 기전에 의한 체액성 요인에 의해 발생합니다. 그러나 유전` 흡연` 남성` 노령화는 고혈압의 유발을 촉진하는 요인입니다. 고혈압의 90% 이상은 본태성으로 원인을 알 수 없는 경우가 대부분입니다. 나머지 5~10%는 원인이 명확한 이차성 고혈압에 해당합니다. 고혈압의 대부분을 차지하는 본태성 고혈압은 한 가지 원인에 의해 유발되지 않습니다. 여러 가지 요인이 모여서 고혈압을 일으키는데` 이 중에는 유전적인 요인(가족력)이 가장 흔하며` 그 외에 노화` 비만` 짜게 먹는 습관` 운동 부족` 스트레스 등이 있습니다.,고혈압은 뚜렷한 증상이 없어 신체검사나 진찰 중에 우연히 발견되는 경우가 적지 않습니다. 고혈압은 ‘소리 없는 죽음의 악마’라고 할 정도로 증상이 없는 경우가 대부분입니다. 간혹 증상이 있어서 병원을 찾는 경우는 두통이나 어지러움` 심계항진` 피로감 등의 혈압 상승에 의한 증상을 호소합니다. 코피나 혈뇨` 시력 저하` 뇌혈관 장애 증상` 협심증 등 고혈압성 혈관 질환에 의한 증상을 호소하기도 합니다. 이차성 고혈압의 경우 종종 원인 질환의 증상을 호소합니다.
골반염,산부인과,골반 염증성 질환은 질과 자궁 경관을 통해 세균이 침입하여 자궁 및 난관` 난소` 복강 내에 염증을 일으켜 발생하는 질환을 의미합니다.,골반 염증성 질환의 원인으로는 임질균` 클라미디아` 그람 음성 구균 등 세균의 감염이 있습니다. 이외에 산후 감염` 소파 수술 등이 있습니다.,일반적으로 골반통` 복통을 동반한 아랫배를 누르는 듯한 통증이 있으며` 치골 윗부분이 아픈 증상이 나타나기도 합니다. 질 분비물의 악취` 질 분비물 증가` 38도 이상의 고열이 동반되기도 합니다.
공황장애,정신건강의학과,공황 장애란 갑자기 극도의 두려움과 불안을 느끼는 불안 장애의 일종입니다.,현재까지의 연구 결과에 의하면` 공황 장애는 생물학적(신체적인) 원인` 외부적인 스트레스` 개인적인 인생 경험` 특히 유년기의 초기 경험과 이에 따른 인격의 발달이 함께 작용해서 발생하는 질환으로 생각됩니다. 유전적인 요인과 인지적인 요인도 영향을 주는 것으로 생각됩니다.,공황 장애(panic disorder)란 예기치 않은 공황 발작이 반복적으로 발생하며` 증상이 없을 때도 증상이 발현될까 미리 두려워하고` 이로 인해 일상생활에 악영향이 생기는 장애를 의미합니다.공황 발작(panic attack)이란 어떤 외부의 위협이 없음에도 불구하고 가슴 두근거림` 어지러움 등과 같은 다양한 신체 증상과 동반하여 심한 불안과 두려움을 느끼는 증상을 의미합니다. 공황 발작은 본래 외부의 위협에 반응하기 위한 뇌의 정상적인 작용입니다. 공황 장애 환자의 경우 위협이 없는 상황에서도 부적절하게 반응하여 발작이 생기는 것으로 추정됩니다. 이는 경보기가 잘못 작동하여 아무 때나 경보를 울려서 지장을 초래하는 것에 비유할 수 있습니다. 공황 발작은 대개 짧은 시간 지속되며` 10분 이내에 증상이 최고조에 도달합니다. 증상은 일반적으로 20분 내지 30분 이내에 소실되며 1시간을 넘는 경우는 드뭅니다. 그러나 발작이 한 번으로 끝나지 않고 수일 또는 수개월 뒤에 반복적으로 나타나는 경향이 있습니다. 공황 발작 시에는 다음과 같은 증상 중 일부가 갑작스럽게 발생합니다.• 두근거림` 심장이 마구 뛰거나 맥박이 빨라지는 느낌• 땀이 남• 손발이나 몸이 떨림• 숨이 가빠지거나 막힐 듯한 느낌• 질식할 것 같은 느낌• 가슴 부위의 통증이나 불쾌감• 메슥거리거나 속이 불편함• 어지럽고 휘청거리거나 혹은 실신할 것만 같은 느낌• 비현실감` 혹은 이인감(세상이 달라진 것 같은 이상한 느낌` 혹은 자신이 달라진 듯한 느낌)• 자제력을 잃거나 미쳐 버릴 것만 같아서 공포스러움• 죽음에 대한 공포• 이상한 감각(손발이 저릿저릿하거나 마비되는 것 같은 느낌)• 오한이나 몸이 화끈거리는 느낌 심한 공포감이나 불쾌감과 함께 위의 13가지 증상 중 4가지 이상이 발생할 때 공황 발작이라고 정의할 수 있습니다.
과민성 대장증후군,소화기내과,자극성 장 증후군은 특별한 기질적 원인이 확인되지 않는 상태에서 만성적으로 지속되는 복통 및 배변 장애를 말합니다.,아직까지 자극성 장 증후군의 원인은 명확히 밝혀지지 않았습니다. 유전적 가족적 요인` 불안 및 스트레스와 같은 정신적 요인` 과음` 자극적인 음식` 불규칙한 식사` 편식 등이 원인으로 여겨집니다. 내장이 과민하여 환자의 대장 내에 가스를 주입하거나` 풍선을 넣어 확장시키면 정상인에서는 반응이 나타나지 않을 정도의 적은 용량에도 심한 통증을 일으킵니다. 일부 자극성 장 증후군 환자는 대장 내 상주균의 구성이 비정상적입니다. 이로 인하여 장관 내 발효가 증가하고` 과다한 가스가 생성되기도 합니다. 또한 정상적으로는 균의 증식이 미미한 소장에서 세균이 과다 증식하는 경우가 있습니다. 이때는 만성 설사나 복통` 가스 등의 증상을 유발할 수 있습니다. 전체 인구의 약 7~15% 정도가 자극성 장 증후군으로 의심할 수 있는 증상을 보인다고 알려져 있습니다.,대장은 정상적으로 하루 1회 정도 배변을 유도하도록 움직입니다. 그러나 대장이 과민해진 경우 대장이 지나치게 움직여 설사가 유발되거나` 이와는 반대로 움직임을 급격히 멈춰 변비를 일으킬 수 있습니다. 즉` 자극성 장 증후군 환자는 설사 또는 변비` 혹은 두 가지 모두가 규칙적으로 반복되며 만성적인 복통에 시달립니다. 심한 복통도 배변 후에는 대부분 호전됩니다.  자극성 장 증후군 환자에게 점액질 변` 복부 팽만이나 잦은 트림` 방귀` 전신 피로` 두통` 불면` 어깨 결림 등의 증상도 나타나지만` 이러한 증상이 수개월 또는 수년간 계속되더라도 몸 상태에 별다른 영향을 미치지 않습니다. 자극성 장 증후군 환자는 상부 위장관 증상으로 속 쓰림` 연하(삼킴) 곤란` 식도 이물감 등을 호소하기도 합니다. 소화기 증상 이외에도 피로감` 비뇨기과적 기능 이상` 산부인과적 증상을 호소하기도 합니다.
관절염,재활의학과`류마티스내과`정형외과`알레르기내과,관절염은 관절 연골이 파괴되고 관절에 염증성 변화가 일어나는 질환을 의미합니다.,관절염에는 여러 종류가 있으며` 그 원인은 서로 다릅니다. 그중에서 가장 흔한 것은 퇴행성 관절염(골관절염)으로` 뼈끝을 감싼 연골이 닳아 발생하며 통증과 부종을 일으키는 질환입니다. 노화` 관절에 생기는 상처나 감염 등이 원인이 되어 발생합니다.,관절염은 부종` 통증` 관절이 뻣뻣한 증상 등을 동반합니다. 관절염은 주로 몸무게가 많이 실리는 무릎` 엉덩이` 척추 관절에서 발생합니다. 그 외에 외상` 골절` 과도한 운동 등이 원인이 되는 경우에는 모든 관절 부위에서도 발생할 수 있습니다. 관절염은 대개 일시적인 경우가 많지만` 때로는 장기적이거나 영구적인 문제를 일으킵니다.
기관지 확장증,호흡기내과,기관지확장증은 폐 속의 큰 기도인 기관지가 과거의 심한 호흡기계 염증으로 손상을 입어 영구적으로 확장됨으로써 객담 배출 기능이 약해진 상태를 의미합니다.,예전에는 백일해와 홍역 같은 어린이 감염이 기관지확장증의 가장 흔한 원인이었습니다. 그러나 현재의 주요 원인은 낭포성 섬유증 같은 선천성 질환이 있는 환자들의 폐에 반복적으로 세균성 감염이 일어나는 것입니다. 폐결핵을 심하게 앓은 후 완치되었으나 그 후유증으로 기관지확장증이 발생하여 계속 객혈하는 경우도 있습니다.,기관지확장증으로 인한 증상은 몇 개월` 수년에 걸쳐 서서히 악화됩니다. 누웠을 때 평소보다 더 심하게 기침합니다. 기침할 때 진한 녹색 또는 노란색의 가래가 많이 나오며` 때에 따라 피가 섞여 나오기도 합니다. 숨을 쉴 때 좋지 않은 냄새가 나기도 하며` 색색거리는 소리가 나고 숨이 가쁩니다. '곤봉지'라고 불리는 손톱 이상 증세 및 손가락 끝부분이 커지는 증상이 나타나기도 합니다. 특히 체중 감소 및 빈혈 등 만성 감염의 합병증을 보입니다.
기흉,호흡기내과`흉부외과,공기가슴증` 즉 기흉은 폐에 생긴 구멍으로 공기가 새면서 늑막강 안에 공기가 차는 질환을 의미합니다. 새는 공기의 양이 증가할수록 폐가 정상 기능을 하지 못합니다. 흉강 안으로 유입되는 공기가 배출되지 않는 경우 양쪽 폐와 심장 사이의 공간과 심장이 한쪽으로 쏠려 응급상황이 발생할 수 있습니다.,기흉은 자발성 기흉과 외상성 기흉으로 구분되며` 원인도 이에 따라 살펴보아야 합니다. 자발성 기흉은 일차성 기흉과 이차성 기흉으로 구분됩니다. 일차성 기흉은 건강한 사람에게 발생하며` 폐의 가장 윗부분 흉막에 있는 작은 공기주머니에 의해 발생합니다. 일차성 기흉의 원인은 분명하지 않지만` 환자의 대부분이 키가 크고 말랐으며 흡연자인 것으로 보아 흡연과 관련이 있다고 여겨집니다. 이차성 기흉은 원래 폐 질환을 앓고 있던 사람에게 발생합니다. 그러한 폐질환의 종류로는 결핵` 악성 종양` 폐섬유증` 만성 폐쇄성 폐 질환` 폐기종 등이 있습니다. 외상성 기흉은 교통사고나 뾰족한 물건에 찔린 상처 등으로 인해 가슴이 다쳐 폐 실질이 손상되어 발생합니다. 폐 조직검사를 시행한 이후 발생하기도 하며` 중환자실에서 인공호흡기 등과 같은 기계에 의해 긴장성 기흉이 발생하기도 합니다. 여성의 경우 월경과 관련하여 발생하기도 합니다. ,기흉의 흔한 증상으로는 흉통과 호흡곤란이 있습니다. 흉통은 대체로 갑자기 시작되며 24시간 정도가 지나면 사라집니다. 사람마다 흉통을 호소하는 방식이 다릅니다. 대개 ‘등 쪽으로 담이 결린다.’라고 하거나 ‘숨 쉴 때마다 가슴이 찌르는 듯이 아프다.’라고 호소합니다.  호흡곤란은 환자의 상태에 따라 양상이 달라집니다. 기존에 앓고 있는 폐 질환이 없는 젊은 환자는 대체로 호흡곤란이 그다지 심하지 않습니다. 기흉이 심한 환자는 호흡이 불편할 정도의 호흡곤란을 느끼기도 하며` 청색증이 동반될 수 있습니다. 소수의 환자는 갑자기 눕거나 누웠다가 앉을 때 흉부에서 ‘덜컹’하면서 무언가가 움직이는 느낌을 호소하기도 합니다. 
길버트증후군,소화기내과,길버트 증후군은 용혈이나 구조적 또는 기능적인 간질환이 없는 상태에서 만성적인 비결합형 빌리루빈의 증가를 특징으로 하는 질환입니다.,유전으로 발생하게 되므로 가족 중에 해당 질환 여부를 확인하는 것이 좋습니다.,대부분 길버트 증후군은 어떠한 증상도 보이지 않습니다. 증상이 있다면 대부분 황달입니다. 
뇌수막염,감염내과`신경과,결핵성 수막염은 결핵균이 뇌척수막을 침입하여 염증을 일으키는 질환입니다. 몸속에 결핵균을 보유한 환자의 결핵균이 뇌를 둘러싼 수막으로 이동하여 발생한다고 알려져 있습니다.대개 신체 면역력을 감소시키는 여러 가지 요인을 보유한 알코올 중독` 당뇨병` 악성 종양 등의 환자에게서 잘 발병합니다. 특히 후천성 면역결핍 증후군 환자가 일생 동안 결핵성 수막염에 감염될 확률이 1/3 정도로 추정됩니다.,바이러스성 뇌수막염은 소아의 경우 대부분 장 바이러스에 의해 발생합니다. 바이러스성 뇌수막염(무균성 뇌수막염)을 유발하는 바이러스의 종류는 매우 다양하지만` 원인 바이러스의 90% 이상은 엔테로바이러스(enterovirus)입니다. 콕사키바이러스(Coxsackievirus)와 에코바이러스(Echovirus)가 대표적인 엔테로바이러스입니다.,뇌수막염의 공통적 증상은 고열과 심한 두통입니다. 뇌염이 뇌 실질을 침범한 경우에는 의식` 성격의 변화와 함께 경련 발작이 나타날 수 있습니다. 증상이 심한 경우에는 혼수상태에 빠질 수 있습니다. 뇌염은 뇌 실질에 변성을 일으켜 후유증으로 인지기능 장애` 뇌전증(간질)을 남길 수 있습니다. 이 질환의 진행 양상은 원인 균주에 따라 다양합니다. 세균성 뇌수막염은 1~2일 내에 급격하게 진행합니다. 바이러스성 뇌수막염은 3~4일` 결핵성 뇌수막염은 1~2주일 정도에 걸쳐 진행합니다. 세균성 뇌수막염은 조기에 적절히 치료하지 않으면 사망하거나 심한 후유증을 남깁니다. 바이러스성 뇌수막염은 정상적인 면역 능력이 있는 사람의 경우 비교적 잘 치료되고` 7~10일 정도면 대부분 완전히 회복됩니다.  
담관염,소화기내과,담관염은 담관계통에 발생하는 급성 또는 만성의 염증질환으로 일반적으로 말하는 담관염은 급성 담관염을 의미하며 심한 경우에는 혈압저하` 의식저하를 동반한 패혈증과 같은 전신의 염증으로 빠르게 진행되어 사망할 수 있으므로 신속한 진단과 치료가 필요한 응급질환입니다.,대부분 담석으로 인해 나타나며` 담석으로 담관이 막히면서 세균이나 진균` 기생충` 바이러스에 담도계가 감염돼 발생합니다. 담석이 없는 경우에도 담도에 악성 혹은 양성 종양이나 기생충 감염이 있거나 양성 협착이 있는 경우에도 담관염은 발생할 수 있습니다.,담도 산통이라 불리는 극심한 복통을 호소하게 되는데 주로 우상복부에 통증을 호소하며 오심` 구토` 소화불량과 같은 증상이 나타나게 됩니다.
담낭염,소화기내과`간담도췌외과`간이식/간담도외과,만성 담낭염은 담낭의 만성적인 염증 질환을 말하며 대부분 담석증 때문에 발생하게 됩니다.,담낭염은 담석이 담낭을 지속적으로 자극하여 급성 또는 아급성의 담낭염이 반복됨으로써 발생합니다. 담석으로 인해 담낭 내벽의 점막이 손상되고` 반복적인 염증 때문에 림프구의 침윤과 섬유화가 진행됩니다. 이로 인해 담낭벽이 두꺼워지고 석회질의 침착이 생기기도 합니다.,담낭염 환자들은 대부분 아무런 증상을 느끼지 않습니다. 간혹 담낭에 의한 통증을 느낄 수 있습니다. 평상시에 전혀 증상이 없다가 갑자기 오른쪽 윗배에 통증이 나타납니다. 통증이 오른쪽 어깻죽지와 등 쪽까지 뻗치면서 아파서 뒹굴 정도로 심하게 나타나는 경우도 있습니다. 과식하거나 지방이 많은 음식을 섭취하면 소화를 잘 시키지 못하며` 윗배의 불쾌감과 팽만감이 생기기도 합니다.
담도암 / 췌장 두부암,소화기내과`종양내과`방사선종양학과`간담도췌외과`간이식ㆍ간담도외과`암병원,담관암은 담관에서 발생하는 암입니다. 담관은 간에서 만들어지는 담즙을 십이지장으로 보내는 관입니다. 췌장은 해부학적으로 두부(머리 부분)` 체부(몸통 부분)` 미부(꼬리 부분)로 나누어집니다. 두부는 담관(담즙의 배출 통로)과 연결되어 있어 두부에 췌장암이 발생하면 담관이 막히면서 황달이 나타날 수 있습니다.,담관암의 원인은 아직 확실히 밝혀지지 않았습니다. 담관 내부를 이루고 있는 담관세포에 생긴 만성적인 염증` 담관 결석` 경화성 담관염` 간디스토마(간흡충증)` 염증성 대장 질환` 담관이 선천적으로 확장되어 생긴 담관 낭종 등과 관련이 있다고 알려져 있습니다. ,담도암의 가장 흔한 증상은 황달입니다. 암에 의해서 담관이 막히면 담즙이 흐를 수 없게 됩니다. 담관이 막힌 부분보다 위쪽에 담즙이 가득 차면 압력이 높아져서 결국 혈관 속으로 거꾸로 들어갑니다. 담관염이 없는 경우 대개 열은 없으며 서서히 폐쇄가 진행됩니다. 따라서 담관암이 어느 정도 진행된 상태에서 황달이 나타나며 통증이 없는 경우가 많습니다. 이때 담즙 속에 함유된 빌리루빈이라는 색소 때문에 피부와 눈이 노랗게 되는 황달이 생깁니다. 담즙이 장으로 넘어가지 못하면 담즙 내 빌리루빈으로 인해 노랗게 보이던 대변 색이 연한 크림색이 되는 회색 변 현상이 나타납니다. 또한 혈액 속의 빌리루빈 농도가 높아지면서 소변으로 일부 배설되어 소변 색이 붉고 짙게 변합니다. 황달이 심한 경우 가려움증이 생길 수 있는데` 이것은 담즙 속의 담즙산이 빌리루빈과 함께 혈관 내로 흡수된 후 피부에 침착되기 때문입니다. 이 외에 비특이적인 증상으로 체중 감소` 피곤함` 식욕 부진` 오심` 구토 등이 나타날 수 있습니다. 우상복부 또는 심와부에 국한되지 않는 뚜렷한 통증이 올 수도 있습니다. 간혹 십이지장이나 대장의 폐색이 동반될 수 있습니다. 담도암(담관세포에서 발생하는 선암종)의 초기에는 황달 증상이 나타나지 않으며` 복통이나 간 기능 검사 이상` 담관염 증상 등이 나타날 수 있어 조기 발견이 매우 어렵습니다. 
당뇨병,가정의학과`내분비내과`노년내과`신ㆍ췌장이식외과,당뇨병은 소변으로 포도당이 배출된다고 하여 이름 붙여진 병입니다. 정상인의 경우 소변으로 당이 넘쳐나지 않을 정도로 혈당이 조절됩니다. 여기에는 췌장에서 분비되는 '인슐린'이라는 호르몬이 중요한 작용을 합니다. 이러한 인슐린이 모자라거나 제대로 일을 못 하는 상태가 되면 혈당이 상승하며` 이로 인해 혈당이 지속적으로 높은 상태가 됩니다. 이러한 상태를 당뇨병이라고 합니다. 우리나라의 당뇨병 유병률은 경제가 발전하고 생활 양식이 서구화됨에 따라 증가하는 추세입니다.,당뇨병의 발생에는 유전과 환경이 중요한 역할을 합니다. 즉` 당뇨병은 이것에 걸리기 쉬운 유전적 체질을 부모로부터 물려받은 사람이 당뇨병을 유발하기 쉬운 환경에 노출될 때 발생할 수 있습니다. 하지만 현재까지 당뇨병을 일으키는 유전자의 이상을 찾을 수 있는 경우는 전체 당뇨병의 1% 미만에 불과합니다. 대부분의 당뇨병에서는 원인 유전자가 명확히 밝혀지지 않았습니다. 당뇨병을 유발할 수 있는 환경 인자로는 고령` 비만` 스트레스` 임신` 감염` 약물(스테로이드제제` 면역억제제` 이뇨제) 등이 있습니다. 환경 인자는 유전 인자와는 달리 본인의 노력으로 어느 정도 피할 수 있습니다. 최근 들어 당뇨병이 급증하는 이유는 유전적인 원인보다는 과도한 음식물 섭취와 운동량 감소로 인한 비만증의 증가 때문으로 여겨집니다. 단것을 많이 먹는다고 당뇨병이 생기지는 않지만` 단것을 많이 먹으면 체중이 늘어날 수 있으며` 비만증이 생기면 당뇨병이 생길 위험성이 증가합니다.,당뇨병에 걸리면 소변으로 포도당이 빠져나가는데` 이때 수분을 같이 끌고 나가기 때문에 소변량이 늘어납니다. 그 결과 몸 안에 수분이 부족하여 심한 갈증을 느끼게 됩니다. 또한 영양분이 몸에서 이용되지 않고 빠져나가므로 피로감을 잘 느낍니다. 또한 잘 먹는데도 불구하고 체중이 감소합니다.  당뇨병의 가장 대표적인 증상을 ‘삼다(三多)’라고 부릅니다. 즉` 다음(多飮` 물을 많이 마심)` 다뇨(多尿` 소변을 많이 봄)` 다식(多食` 많이 먹음)을 말합니다. 그 외 당뇨병의 증상으로는 눈 침침함` 손발 저림` 여성의 경우 질 소양증 등이 나타날 수 있습니다. 하지만 혈당이 많이 높지 않은 경우에는 대부분 특별한 증상을 느끼지 못합니다.`
대동맥 박리,심장내과`심장병원,대동맥은 꽤 튼튼하고 두꺼운 관으로` 가장 안쪽의 내막(intima)` 주로 근육으로 이루어진 중막(media)` 가장 바깥쪽의 외막(adventitia)의 세 겹의 벽으로 구성되어 있습니다. 대동맥 박리는 어떤 원인에 의해 대동맥의 내막이 찢어지면서(intimal tear) 대동맥 내강(lumen) 안에 있는 혈액이 대동맥 중막으로 파급되고` 대동맥 벽이 파급된 혈액에 의해 내층과 외층으로 분리되는 질환을 의미합니다. 대동맥 박리가 시작된 지 2주 이내의 상태를 급성 대동맥 박리라고 하며` 그 이후의 상태를 만성 대동맥 박리라고 합니다.,대동맥 박리의 가장 대표적인 원인은 고혈압입니다. 급성 대동맥 박리 환자의 80% 정도가 고혈압을 가지고 있습니다. 유전적 질환인 Marfan 증후군도 대동맥 박리의 원인입니다. 그 외의 원인으로는 외상` 대동맥 축착` 중층 괴사 등이 있습니다. ,대동맥 박리를 앓는 환자의 90% 정도는 갑자기 앞가슴이나 등 부위에 찢어지는 듯한 심한 통증을 느낍니다. 심장에서 가까운 상행 대동맥 부위에 대동맥 박리가 발생하는 경우 가슴 부위에서 통증이 발생합니다. 다리 쪽으로 향하는 하행 대동맥에서 대동맥 박리가 발생하는 경우 등` 복부에서 통증이 발생합니다.  대동맥 박리에 의한 통증은 매우 극심하기 때문에 보통 통증을 느끼고 응급실로 오게 됩니다. 이외에 실신하기나 숨이 차거나 기침을 하는 경우도 있으며` 불안을 느끼거나 구토를 하기도 합니다. 
대상포진,피부과,대상포진은 수두-대상포진 바이러스(varicella-zoster virus` VZV)가 소아기에 수두를 일으킨 후 신경 주위에 무증상으로 남아 있다가` 수두-대상포진 바이러스에 대한 면역력이 떨어질 때 신경을 타고 나와 피부에 발진을 일으키면서 심한 통증을 유발하는 질환을 의미합니다.,대상포진의 주된 원인은 (세포 매개성) 고령` 면역 저하제 사용` 이식` 에이즈 등으로 인해 면역력이 떨어지는 것입니다. 면역력이 떨어지면` 바이러스가 증식하여 신경을 따라 피부로 다시 나오면서 대상포진이 발생합니다. 암` 에이즈` 항암 치료` 방사선 치료` 이식 후 거부 반응을 막기 위해 면역 억제제를 복용하거나 장기간 스테로이드를 복용하는 경우에 면역력이 감소할 수 있습니다. 이외에 질병` 사고` 스트레스 등으로 몸의 면역력이 약해져 대상포진이 발생하기도 합니다. ,대상포진은 주로 몸통이나 엉덩이 부위에 생깁니다. 그러나 신경이 있는 부위이면 얼굴` 팔` 다리 등 어디에서든 발생할 수 있습니다.  대상포진의 주요 증상은 통증입니다. 통증은 몸의 한쪽 부분에 국한되는 경우가 대부분입니다. 아프거나 따끔거리는 느낌의 통증이 발생합니다. 이러한 증상이 1~3일 정도 이어진 후 붉은 발진이 나타나며` 열이나 두통이 발생합니다. 수포는 2~3주 정도 지속됩니다. 수포가 사라진 후 농포` 가피가 형성되며` 점차 사라집니다.  통증은 병변이 사라진 후에도 지속될 수 있습니다. 이것이 포진 후 신경통입니다. 드물게 수포 없이 통증이 발생하거나 통증 없이 수포가 발생하는 경우도 있습니다. 포진 후 신경통의 통증이 일반적인 진통제에 반응하지 않을 정도로 매우 심한 경우` 신경 차단술 등을 시행할 수도 있습니다. 
대장염,소화기내과,약 1.5m 길이의 대장은 크게 결장과 직장으로 구분됩니다. 결장은 소장과 연결된 부위로부터 맹장` 상행결장` 횡행결장` 하행결장` 에스상결장으로 구분됩니다. 또한 맹장에서 나오는 가늘고 긴 튜브 모양의 충수 돌기가 있으며` 길이는 약 8~10cm입니다. 이 충수 돌기에 생기는 염증을 일반적으로 맹장염이라고 부릅니다.,대장염은 방대한 범위의 질환을 포함하는 개념입니다. 따라서 대장염의 원인은 구체적인 질환에 따라서 다릅니다.,대장염 중에서도 각각의 질환에 따라 증상이 다릅니다. 다만 복통` 설사 등이 공통적으로 나타날 수 있습니다. 또한 발열` 혈변` 구역` 구토가 동반될 수 있습니다.
만성 신부전,신장내과`소아청소년심장과`신췌장이식외과,만성 신부전은 노폐물을 제거하는 신기능이 감소하여 정상으로 회복될 수 없는 단계의 질환을 의미합니다. 즉` 신장이 제 기능을 유지하지 못하는 상태를 말합니다. 남아 있는 신장 기능은 시간이 경과하면서 점차 저하되어 결국은 신 대체 요법(투석이나 신이식술)이 필요한 말기 신 질환으로 진행합니다.,어린이의 경우 성인과 달리 선천성 질환의 빈도가 높습니다. 특히 나이가 어릴수록 선천성일 가능성이 높아서` 5세 미만의 경우 신형성부전` 신이형성` 요로 폐쇄 같은 선천성 신장 기형이 주원인이 됩니다. 5세 이상의 경우 후천성 사구체 질환(사구체신염` 용혈성 요독 증후군) 또는 유전성 신 질환(알포트 증후군` 낭포신) 등이 주된 원인입니다.     성인 만성 신부전의 가장 흔한 원인은 당뇨병으로` 최근 그 비중이 점차 증가하여 50% 정도까지 차지합니다. 그 외에 고혈압` 사구체 신염` 다낭성 신장 등의 순서로 많이 나타납니다.,만성 신부전의 증상은 거의 모든 장기에서 다양하게 나타납니다. 적절한 치료를 시행하지 않으면 위험한 상황을 초래할 수 있습니다. 일반적으로 신경계 증상(감각 및 운동 장애` 피로 증가` 졸음` 의식 장애` 혼수)` 심혈관계 증상(고혈압` 동맥 경화증)` 호흡기계 증상(폐부종` 흉수)` 소화기계 증상(식욕 감퇴` 구역질과 구토` 복수)이 나타날 수 있습니다. 피부의 경우 소양증` 혈액의 경우 빈혈` 출혈 경향을 보입니다. 내분비계의 경우 부갑상선기능항진증` 고환 및 난소 기능 저하가 나타날 수 있고` 면역계의 경우 면역 기능 저하가 나타나는 등 전신 증상이 나타날 수 있습니다.
만성 폐쇄성 폐질환,호흡기내과` 알레르기내과,만성 폐쇄성 폐질환은 '담배를 피우던 사람이 중년 이후부터 서서히 숨이 차는 증상'이 나타나는 질환으로` 나이가 많고 오랜 기간 담배를 피운 사람에게 잘 발생합니다. 이 질환의 특징은 숨이 차는 증상이 서둘러 걷거나 비탈길을 오를 때 심하고` 평상시에 이 증상이 덜한 것입니다. 대표적인 증상으로는 기침` 기침 발작 후 소량의 끈끈한 객담 배출` 지속적으로 진행하면서 점차 악화하는 호흡 곤란` 천명음과 흉부 압박감 등이 있습니다. 이 질환의 약어인 COPD는 '만성 폐쇄성 폐질환(Chronic Obstructive Pulmonary Disease)'의 영문 표기의 앞머리 글자만을 따온 용어입니다. 만성 폐쇄성 폐질환은 서서히 진행됩니다. 처음에는 간혹 가벼운 호흡 곤란과 기침이 나타납니다. 병이 진행되면서 호흡 곤란이 심해집니다. 말기에 이르면 심장 기능도 떨어집니다.,만성 폐쇄성 폐질환의 가장 중요한 발병 원인은 흡연입니다. 비흡연자에 비해 흡연자에게서 호흡기 증상의 발생과 폐 기능의 이상 소견이 더 자주 확인됩니다. 간접 흡연도 원인이 됩니다. 임신 중 흡연은 태아의 폐 성장과 발생에 영향을 미칠 뿐만 아니라 만성 폐쇄성 폐질환의 발생 위험 인자로 작용합니다. 이외의 원인으로는 고령` 작업장 및 주위 환경에서 발생하는 미세먼지` 대기오염` 어린 시절의 호흡기 감염이 있습니다. 우리나라에서 만성 폐쇄성 폐질환은 70세 이상 고령자의 사망 원인 중 네 번째로 흔한 것입니다.,만성 폐쇄성 폐질환의 임상적 특징에는 만성적인 기침` 가래` 호흡 곤란 등이 있습니다. 특히 폐렴과 같은 호흡기 감염이 발생할 경우 평소에 느끼지 못하던 증상이 갑자기 악화하기도 합니다.  ① 경미한 증상 - 힘들게 일하거나 빨리 걸을 때 조금 숨이 차는 것을 느낍니다. - 기침을 많이 하기도 합니다. 가끔은 기침할 때 가래가 나오기도 합니다. ② 일반적인 증상 - 힘들게 일하거나 빨리 걸을 때 종종 숨이 차는 것을 느낍니다. - 기침을 좀 더 많이 하고` 이때 가래도 나옵니다. - 간단한 집안일을 하는 것이 힘들 수 있습니다. ③ 중증의 증상 - 기침을 훨씬 더 많이 하고 가래도 많이 나옵니다. - 어느 때나 숨이 차게 됩니다. - 감기나 폐렴에서 회복하는 데 몇 주가 걸릴 수 있습니다. - 직장에서 일하거나 집안일을 하기 어렵습니다. - 계단을 오르거나 걷는 것이 어렵습니다. - 쉽게 피곤해집니다.
방광암,종양내과`방사선종양학과`비뇨의학과,방광암은 소변을 저장하는 장기인 방광에 악성 세포가 생긴 질환을 의미합니다.,방광암의 원인은 일부만 알려져 있습니다. 방광암 중 하나인 이행세포암의 원인으로는 담배 연기` 주변의 화학물질과 같은 발암물질(암을 유발하는 물질)이 있습니다. 방광암은 특정 산업 화학물질에 대한 노출과 관련이 있습니다. 이러한 노출은 최근 작업장 안정 법률 덕분에 매우 많이 감소하였습니다. 방광암 환자 중 흡연 경험이 있는 사람은 절반에 불과합니다. 하지만 흡연자들은 일반적으로 담배를 피우지 않는 사람보다 2~4배 더 많이 방광암에 걸립니다. 이외에 각종 화학 약품에 대한 직업적인 노출` 커피` 진통제` 감염` 결석` 인공 감미료` 방사선 조사` 항암제 등이 원인이 됩니다. ,방광암의 주된 증상은 다음과 같습니다. 첫째` 소변의 혈액(혈뇨)입니다. 방광암 환자의 80~90% 정도에서는 이 증상이 첫 번째로 나타납니다. 소변이 명백하게 붉은색으로 보일 수 있고` 소변이 녹색으로 변할 수도 있습니다. 둘째` 배뇨 시 발생하는 통증입니다. 흔히 배뇨통이라고 합니다. 셋째` 빈번한 배뇨입니다. 정상보다 더 자주 소변을 보고 싶어지거나` 절박뇨(갑자기 소변이 마려운 느낌)와 같은 증상이 동반됩니다. 넷째` 방광암에 의해 요관 폐색(소변 길이 막힘)이 발생합니다. 이로 인해 측복부 통증` 하지 부종 등이 발생할 수 있습니다. 증상이 더 진행된 경우 골반에 덩어리가 만져지기도 합니다.
베체트병,소화기내과`류마티스내과,베체트 병은 전신의 혈관에 염증이 발생하는 질환 중 하나입니다.,베체트 병의 원인은 아직 확인되지 않았습니다. 베체트 병이 일부 지방에서 많이 발생하는 것으로 보아` 밝혀지지 않은 병원체와 물질이 유전적 소인이 있는 사람의 임파구 및 백혈구에 기능 이상을 초래하여 이 질환을 유발한다고 추정됩니다. 50~60% 정도의 환자에게서 HLA-B51이라는 특수한 유전자가 발견됩니다. 이 유전자가 베체트 병과 관련이 있을 것으로 생각됩니다. ,① 구강 궤양구강 궤양은 베체트 병의 가장 중요하고 흔한 증상입니다. 대부분의 환자에게서 관찰됩니다. 입안의 혀 주위 점막이나 입안 깊은 곳인 후두 주위 등 입안 어느 곳이나 궤양이 발생합니다. 초기에는 궤양이 작은 돌기로 시작합니다. 궤양이 점차 커지면서 점막에도 궤양이 나타납니다. 궤양의 바닥에는 하얗거나 약간 누런 막이 형성되며 심한 통증이 발생합니다. 궤양의 크기는 대개 1cm 미만입니다. 궤양은 두 개 정도인 경우가 가장 많으며` 드물게 10개 이상의 궤양이 나타나기도 합니다. 구강 궤양은 보통 1년에 3회 이상 재발합니다.  ② 성기 궤양남성의 성기 궤양은 음낭에 가장 많이 발생하며` 음경에도 나타납니다. 여성의 성기 궤양은 외음부와 질에서 발생합니다. 대부분 통증이 심하며` 진물이 나올 수 있습니다. 드물게 항문 주위에 궤양이 나타나기도 합니다.  ③ 피부 증상피부 증상은 여러 형태로 나타납니다. 여드름 모양의 피부염` 모낭염` 혈관염이 동반된 구진성 발진 등으로 나타납니다. 결절성 홍반은 주로 하지에 많이 발생합니다. 1~2cm 정도의 크기의 작고 붉은색인 덩어리가 피하에 생성됩니다. 이는 통증을 일으키기도 합니다. 회복 시에는 덩어리가 갈색으로 변하면서 부은 것도 가라앉고 통증도 사라집니다.  ④ 눈의 증상눈의 증상은 실명으로 이어질 위험이 있으므로 매우 주의해야 합니다. 눈의 통증` 눈부심` 눈물` 발적 및 시력 장애가 반복적으로 발생합니다. 눈의 포도막 앞쪽에 발생한 염증은 전방 포도막염이라 합니다. 이 경우 시력 장애는 거의 없지만` 통증이나 발적이 심하게 나타납니다. 눈의 포도막 뒤쪽에 발생한 염증은 후방 포도막염이라 합니다. 이 경우 망막 출혈` 망막 삼출` 망막 혈관의 막힘으로 인한 시력 장애가 발생합니다. 합병증으로 시신경 위축이 발생하여 시력이 상실될 수 있습니다.  ⑤ 관절 증상관절이 반복적으로 붓거나 아픕니다. 관절 증상은 보통 무릎이나 발목에 잘 발생합니다. 베체트 병 관절염의 특징은 관절이 지속적으로 아프지 않고` 일시적 혹은 반복적으로 통증이 발생하는 것입니다. 때로 통증이 오래 계속되는 경우도 있습니다. 베체트 병 관절염은 류마티스 관절염과 달리 관절의 변형을 거의 일으키지 않습니다.  ⑥ 신경계 증상무균성 뇌수막염` 뇌실질 질환이 발생할 수 있습니다. 뇌 동맥류` 혈전증에 의한 중풍 등이 발생할 수 있습니다.  ⑦ 소화기 증상대장 궤양이나 위 궤양이 발생하여 복통이 생기거나 설사를 할 수 있습니다. 궤양이 진행되어 장 천공 및 복막염으로 이어지는 경우도 있습니다. 식도에 궤양이 생기면 연하(삼킴) 곤란이 나타날 수 있습니다.  ⑧ 혈관계 증상동맥보다는 정맥에 혈전이 발생하는 경우가 많습니다. 혈전은 장딴지에 잘 발생합니다. 이 경우 장딴지가 붓고 통증이 발생합니다. 혈전이 심할 경우 복부에 있는 대정맥이 막힐 수 있습니다.
변비,소화기내과`노년내과`소아소화기영양과,변비는 대장의 연동 운동이 저하되어 원활한 배변 운동을 하지 못하는 질환을 의미합니다. 배변이 1주일에 2회 미만이거나` 배변 시에 굳은 변이 나오거나` 출혈이 동반되는 경우를 변비로 진단합니다. 하루에 1회 이상 대변을 봐야 하지만` 2~3일에 1회 보더라도 대변이 굳지 않고 편하게 대변을 본다면` 변비로 진단하지 않습니다.,식사를 충분히 하지 못하거나 물을 충분히 마시지 않거나 배변 습관이 불규칙하면 변비가 발생할 수 있습니다. 이외에 나이` 운동 부족` 환경이 변비의 원인이 되기도 합니다. 특히 여성에게 발생하는 변비의 주요 원인은 다이어트` 임신` 월경` 스트레스입니다. 많은 환자는 변비 유발 원인이 없는데도 변비를 경험하는데` 이러한 경우를 특발성 변비라고 합니다. 그 원인은 대장의 전반적인 운동성이 떨어져서 생기는 대장 무력증이나 자극성 하제의 과다 복용입니다. 대변이 대장을 잘 통과하지만 항문 밖으로 배출되지 못하여 발생하기도 합니다. 이외의 원인에는 대변의 통로인 대장이 좁아지거나 막히는 대장암` 대장용종` 게실증` 궤양성 대장염에 의한 장관 협착` 선천성거대결장증` 신경계 질환` 근육 질환` 갑상선기능저하증` 당뇨병 등이 있습니다. ,변비의 주요 증상에는 배변 시 과도한 힘이 들어감` 변이 과도하게 단단함` 배변 후에도 변이 남은 듯한 느낌` 복부 팽만감` 복통 등이 있습니다. 하복부의 불쾌감과 항문 출혈이 반복되면` 이차적으로 치질` 치열 등이 발생하면서 배변 시 항문 통증` 출혈이 나타날 수 있습니다. 만성 변비는 식욕 부진` 소화 불량을 유발합니다.
빈혈,혈액내과,거대적혈모구빈혈은 건강한 적혈구를 생산하는 데 꼭 필요한 비타민 B12(코발라민)와 엽산 중 한 가지 이상이 결핍되어 세포 내 DNA 합성이 저해되는 것을 의미합니다.,거대적혈모구빈혈의 원인은 엽산이나 비타민 B12(코발라민)의 결핍입니다. 이 두 물질은 피를 만들어 내는 모든 요소를 비롯한 신체 조직의 정상적인 성장을 위하여 필요합니다. 따라서 이들이 부족하면 조혈 세포나 장관 점막에 가장 먼저 지장이 생깁니다. 엽산은 비타민 B12(코발라민)에 비해 생리적 반감기가 짧고 안정성이 적기 때문에` 엽산 결핍이 원인의 대부분을 차지합니다. 엽산 결핍의 원인으로는 부족한 섭취` 흡수 장애` 요구량의 증가` 신진대사 장애 등이 있습니다. 비타민 B12(코발라민) 결핍의 원인으로는 식이 섭취 부족` 장의 흡수 장애` 운반 장애` 신진대사 장애와 유전적인 장애를 들 수 있습니다.,비타민 B12(코발라민)와 엽산 결핍에 의한 빈혈 증상은 신경 계통에서 발생하는 증상을 제외하고는 일반 빈혈의 증상과 같습니다. 다음과 같은 증상이 서서히 나타납니다.- 피로감과 실신할 것 같은 기분이 든다.- 피부가 창백해진다.- 가벼운 운동에도 숨이 차다. 이러한 증상은 시간이 지나면서 점점 더 심해집니다. 비타민 B12(코발라민)이나 엽산은 활발하게 분열하는 모든 세포의 DNA 합성에 중요한 역할을 합니다. 따라서 이 물질이 부족해지면 모든 기관이나 조직에 전신적으로 영향을 미쳐서 다양한 증상이 발생할 수 있습니다. - 손발이 저리다.- 근력이 약해지고 균형을 잃는다.- 기억 상실과 의식 혼란이 나타난다. 악성 빈혈 환자들은 황달로 인해 피부색이 노랗게 변할 수 있습니다.
상기도 감염증,알레르기내과,상기도 감염은 코` 인두` 후두` 기관 등 상기도의 감염성 염증 질환을 의미합니다.,상기도 감염(감기)은 일반적으로 바이러스 때문에 발생하는 경우가 많습니다. 세균 감염이 원인인 경우는 약 5~10% 미만으로 매우 적습니다. 감기는 흔히 아동기에 발생하며` 4~7세 전후로 절정에 달합니다. 단체 생활을 하는 경우 감염 환자에게 쉽게 전파되는 경향이 있으므로` 유치원에 다녀와서 손을 깨끗이 씻고 몸을 청결히 유지하는 것이 도움이 됩니다.,콧물과 코막힘이 계속되면 구강으로 호흡을 하게 되어 목이 마르고 붓습니다. 편도 쪽에 염증이 생기기도 하며` 편도염이 생기면 고열` 연하(삼킴) 곤란` 호흡 곤란 등의 증상이 나타날 수 있습니다. 편도염이 자주 재발하는 경우 편도선 절제술을 시행하기도 합니다. 수술은 개개인에 따라 기대되는 효과에 따라 시행하므로 전문의와 상담 후에 결정해야 합니다.
소화성 궤양,소화기내과`노년내과,위궤양은 위점막이 헐어서 궤양이 점막뿐만 아니라 근육층까지 침범한 것을 말합니다.,십이지장 궤양의 중요한 원인은 위산의 과다 분비입니다. 위궤양과 마찬가지로 십이지장 궤양 환자의 90~95%에서 헬리코박터 파일로리균이 발병합니다. 식도를 통과하여 위장에 도착한 음식물은 위산에 의해 잘게 부수어진 형태로 소장으로 넘어가 우리 몸에 영양분으로 흡수됩니다. 그래서 위장과 십이지장 점막은 위산` 각종 소화 효소` 담즙` 복용한 약물` 알코올 등 세포를 손상시키는 물질에 노출되기 쉽습니다. 십이지장 점막은 이러한 공격에 대해 여러 단계로 방어하는데` 이러한 공격과 방어의 균형이 깨질 때 십이지장의 점막이 손상되고 궤양이 생깁니다.  십이지장 궤양은 진통제(해열` 진통` 소염제)에 의해 발생할 수 있습니다. 십이지장 점막 세포층의 재생과 기능을 조절하는 프로스타글란딘(prostaglandin)이라는 물질의 생성 과정이 진통제에 의해 차단되어 점막에 손상됨으로써 궤양이 발생하는 것입니다. 흡연은 십이지장 점막세포의 재생과 점막 아래층 조직의 혈액순환 등에 장애를 유발하여 궤양이 생길 수 있습니다. 흡연자는 십이지장 궤양에 의한 천공` 출혈 등의 합병증 발생률이 더욱 높은 것으로 알려져 있습니다. 심한 스트레스는 궤양을 심하게 합니다.,십이지장 궤양의 특징적인 증상은 공복 시 명치끝에서 느껴지는 통증입니다. 따라서 밤에 자다가 속이 쓰려 일어나는 경우가 많으며` 이때 음식이나 제산제를 먹으면 일단 통증이 가라앉았다가 다시 통증이 시작됩니다. 이러한 과정이 반복됩니다. 십이지장 궤양으로 장출혈` 토혈` 흑색 변` 빈혈 등이 나타날 수 있습니다. 만성적인 십이지장 궤양에서는 십이지장이 막히는 장폐색이 나타나 구토` 체한 증상 등이 지속될 수 있습니다. 십이지장 궤양으로 인해 천공이 생기면 급성 복통이 나타나기도 합니다.
식도 정맥류 파열,소화기내과,식도 정맥류는 식도에 있는 정맥이 혹처럼 부풀어 오르는 질환입니다. 이 질환은 간경변증의 주요 합병증입니다.,간 조직에 혈액을 공급하는 혈관으로는 간동맥과 간문맥이 있습니다. 간문맥은 복강 내에 있는 소장` 대장` 비장에 분포하는 혈관을 통과한 모든 혈액을 큰 정맥을 통해 간으로 이송시키는 혈관입니다. 간경변증은 간 조직이 단단하게 굳어지고` 둥글고 단단한 재생 결절이 생겨 간 조직이 울퉁불퉁해지는 질환입니다. 간경변증이 심해지면 간 조직 내 혈액이 지나가는 통로가 압박을 받고 간문맥에 대한 저항력이 높아지면서 압력이 높아집니다. 이러한 상황을 문맥압 항진증이라고 합니다.  문맥압 항진증이 생기면 복강 내 장기를 통하는 혈액이 간으로 이동하기 힘들어지고` 식도` 위와 같이 간 이외의 다른 부위의 혈관들이 발달합니다. 문맥압 항진증이 더욱 심해지면 식도와 위의 혈관이 더욱 커집니다. 경우에 따라 혈관이 파열되면` 출혈이 발생합니다.  ,식도 정맥류가 생기더라도 출혈이 없으면 증상이 나타나지 않습니다. 식도 정맥류가 파열되어 출혈이 발생하면 증상이 나타납니다. 출혈이 경미하다면 특별한 자각 증상은 없고 대변이 검은색으로 변합니다. 짜장색의 대변이 나옵니다.  출혈이 심하면 혈액이 위에 다량으로 고입니다. 이로 인해 속이 메슥거리고 토하고 싶은 느낌이 듭니다. 구토할 때 검거나 붉은 혈액이 나옵니다. 출혈이 심하면 항문으로 빨간 피가 쏟아집니다. 혈액이 위산과 접촉할 경우 검은 변이 나옵니다. 출혈이 대량으로 발생한 경우에는 위산과 접촉되지 않은 빨간 혈액이 배설됩니다. 출혈이 발생하면 빈혈이 생깁니다. 이로 인해 피부가 창백해지고` 혈압이 떨어짐에 따라 어지럼증이 발생할 수 있습니다. 기운이 없어지고` 식은땀이 나며` 약간의 활동을 하면 숨이 찹니다. 
식도암,소화기내과`종양내과`영상의학과`방사선종양학과`신경외과`이비인후과`흉부외과`위장관외과,식도암은 식도에 생긴 암입니다. 식도암은 위치에 따라 경부 식도암` 흉부 식도암` 위-식도 연결부위암으로 구분되고` 세포의 형태에 따라 편평세포암` 선암` 육종` 림프종` 흑색종 등으로 구분됩니다. 우리나라에서 많이 발생하는 식도암은 편평세포암으로` 전체 식도암의 95% 정도를 차지합니다. 편평세포암은 식도 점막의 상피세포에서 생기는 암으로` 대개 식도의 중부와 하부에 발생합니다. 선암은 식도의 분비샘 조직에서 생기는 암으로` 대개 위 근처인 하부 식도에서 발생합니다.,① 연령` 성별` 인종식도암이 비교적 젊은 나이에 발생하는 지역도 있습니다. 그러나 우리나라에서는 식도암이 젊은 나이에 발병하는 경우는 드물고` 주로 60~70대에 발병합니다. 우리나라에서는 편평상피암이 대부분이며` 이는 주로 남성에게 발생합니다. 식도암의 발생률은 인종과 지역에 따라 큰 차이를 보입니다.          ② 음주` 흡연독주와 과음` 장기간의 흡연은 식도암 발생과 직접적인 연관이 있습니다. 음주와 흡연을 같이 하는 경우 위험성은 기하급수적으로 증가합니다. ③ 식습관` 영양 상태탄수화물을 많이 섭취하고` 동물성 단백질` 채소` 과일 등이 부족한 식생활을 하는 사람들에게 식도암이 많이 발생합니다. 비타민 A` C` E` 나이아신 등이 부족해도 식도암이 발생할 가능성이 커집니다. 불에 탄 음식에 들어 있는 니토로사민과 같은 발암 물질도 식도암을 유발합니다. ④ 전암성 병변식도 질환에는 철분이나 비타민이 부족하여 구강이나 인두` 식도의 점막에 위축이 발생하는 플러머-빈슨 증후군(Plummer-Vinson syndrome)` 장기적인 위-식도 역류로 의해 위-식도 접합부의 직상부 식도 점막에 변화를 보이는 바렛 식도` 식도 협착` 식도이완불능증` 식도 게실 등이 있습니다. 이러한 질환을 지닌 모든 사람에게 식도암이 발병하는 것은 아니지만` 정기적인 검사를 시행할 필요는 있습니다.  이외에 장기간 뜨거운 차를 마시거나` 양잿물 등 식도 점막에 손상을 주는 독극물을 섭취하거나` 방사선 조사 후 나타난 식도의 협착` 즉 '아카라지아'라는 질병의 후유증으로 식도암이 발생하기도 합니다. ,식도암의 주요 증상은 음식을 삼키기 어려움` 식도의 통증입니다. 식도는 음식이 지나가는 통로이기 때문입니다. 하지만 식도는 잘 늘어나는 성질을 가지고 있어 식도암이 작다면 별다른 증상이 나타나지 않을 수도 있습니다. 증상이 나타난다면` 이미 식도암이 상당히 진행되었을 가능성이 큽니다.  식도암이 점차 진행하면` 식도의 내강이 좁아져 음식을 삼키기 어려워집니다. 처음에는 고기` 깍두기 같은 고형 음식을 삼키기 어렵다가` 점차 진행되면 죽` 미음` 물도 삼키기 어렵습니다. 크기가 큰 음식을 먹을 때 걸리는 느낌이 느껴지거나 앞가슴이나 등 쪽에 통증이 나타날 수 있습니다. 이로 인해 식사가 불편해지면서 자연스럽게 식사량이 줄어듭니다. 심한 체중 감소와 영양실조가 동반될 수 있습니다.  식도암이 식도의 내강을 거의 막아서 음식물이 아래로 내려가지 못하면` 식사 후에 먹었던 음식물이 다시 입으로 올라오는 증상이 발생할 수 있습니다. 이와 함께 입으로 올라온 음식물이 기도로 들어가면서 기침이나 흡인성 폐렴 등이 발생할 수도 있습니다. 식도암이 진행하면 식도 주변의 기관(organ)에까지 암이 침윤하면서 여러 증상이 나타날 수 있습니다. 식도암이 목소리를 내는 성대의 후두 신경을 침범하면 목이 쉬고 쉰 목소리가 나옵니다. 식도암이 식도 바로 뒤의 척추를 침범하면 등 쪽에 통증이 발생합니다. 기관(trachea)을 침범하면 기침` 객혈 등의 증상이 생깁니다.
식중독,가정의학과`소화기내과`위장관외과`소아소화기영양과,식중독은 음식물을 섭취함으로써 소화기가 감염되어 설사` 복통 등의 증상이 급성 또는 만성으로 나타나는 질환을 통칭합니다. 정확하게는 식품 매개 질환이라고 하는 것이 맞습니다.,식중독을 일으키는 원인균은 다양합니다. ① 포도상구균포도상구균은 자연계에 널리 분포된 세균의 하나로` 식중독뿐만 아니라 피부의 화농` 중이염` 방광염 등 화농성 질환을 일으키는 원인균입니다. 우리나라에서 살모넬라 식중독 및 장염 비브리오 식중독 다음으로 많이 일어나는 식중독의 원인균입니다. 수십 종의 포도상구균 중에서도 황색 포도상구균이 식중독을 일으킵니다. ② 살모넬라균살모넬라균은 열에 약하여 저온 살균(62∼65℃에서 30분 가열)으로도 충분히 사멸되기 때문에 조리 식품에 2차 오염이 없다면 살모넬라균에 의한 식중독은 발생하지 않습니다. 그러나 가열한 조리 식품을 먹더라도 살모넬라균에 중독될 수 있는데` 이는 가열이 충분치 못하였거나 조리 식품에 2차 오염이 있었기 때문입니다. 살모넬라균은 저온 및 냉동 상태에서뿐 아니라 건조 상태에도 강하여` 이에 의한 식중독은 6∼9월에 가장 많이 발생하며 겨울에는 발생 빈도가 낮은 편입니다. 특히 최근 개` 고양이 등 애완동물과 녹색 거북이가 살모넬라균의 중요한 오염원으로 주목받고 있습니다. ③ 비브리오균비브리오균으로는 비브리오 파라헤몰리티쿠스(장염 비브리오)와 비브리오 콜레라가 있습니다. 육지에서 비교적 가까운 바다나 갯벌에 분포하는 장염 비브리오균은 수온이 20℃가 넘는 환경에서 왕성히 증식하나` 저온에서는 활동이 둔화되며 5℃ 이하에서는 거의 증식할 수 없습니다. 열에 약하여 60℃에서 15분` 100℃에서 수 분 내로 사멸합니다. 장염 비브리오는 바닷물에 분포하고 있기 때문에 해산 어패류가 오염원이 됩니다. 고등어` 문어` 오징어` 피조개 등의 표피` 내장` 아가미 등에 부착된 장염 비브리오균이 조리 과정 중 회에 오염되고` 시간이 경과하며 오염된 장염 비브리오균이 증식하여 직접 식중독을 일으킬 수 있습니다. 또한 어패류에 부착된 장염 비브리오균이 냉장고` 도마` 행주` 칼 및 조리자의 손을 통하여 다른 식품을 오염시키고` 이 식품을 섭취함으로써 2차 오염으로 식중독을 일으킬 수 있습니다. ④ 콜라레균콜레라균의 자연 서식지는 해변가나 강어귀입니다. 적절한 기온에서 감염을 일으킬 수 있을 정도로 균이 증식했을 때 이에 오염된 식수나 음식물을 섭취하여 1차 감염이 발생합니다. 감염된 환자의 대변을 통하여 다시 식수나 음식물이 오염되면 폭발적인 2차 감염이 발생합니다. 오염된 음식물을 섭취한 지 대개 18~24시간 후에 증상이 나타납니다. 짧게는 6시간 이내` 길게는 5일 이후에도 증상이 나타나기 때문에` 콜레라 발생이 예상되는 경우에는 충분히 추적 관찰을 해야 합니다. ⑤ 클로스트리디움 보툴리눔균클로스트리디움 보툴리눔 식중독은 세균에서 생산된 신경 독소에 의해 증상을 일으키는 신경마비성 질환으로` 치사율이 높은 식중독입니다. ⑥ 웰치균웰치균(Clostridium perfringens)에 의한 식중독은 집단 급식 시설 등 많은 사람의 식사를 조리할 경우 발생하기 쉬워서 '집단 조리 식중독'이라고도 불립니다. 웰치균은 열에 강하며` 아포는 100℃에서 4시간 가열해도 살아남습니다. 공기가 있는 경우에는 자랄 수 없는 혐기성 균입니다. 대량의 식사를 한꺼번에 만들기 위해 가열 조리하면 내부의 공기가 방출되어 공기가 없는 조건이 되고` 그 식품을 다시 냉각하더라도 내부의 공기가 희박해져 웰치균이 자라기 좋은 환경이 됩니다. 이러한 환경에서 균이 급속히 증식하여 식중독을 일으킵니다.,식중독의 잠복기와 증상의 정도는 원인 물질에 따라 다르게 나타납니다. ① 포도상구균2~4시간 잠복기를 거쳐 심한 구토` 어지럼증` 두통 등이 나타납니다. ② 살모넬라균6~72시간 잠복기가 있고` 복통` 설사` 열이 있습니다. ③ 비브리오 패혈증12~48시간 잠복기가 있고` 다리에 출혈을 동반한 수포가 생기며` 고열` 패혈증 등이 나타납니다. ④ 이질3일의 잠복기를 거쳐 설사` 복통` 고열이 나타납니다. ⑤ O-157 대장균3~9일 잠복기를 거쳐 심한 복통과 출혈성 설사` 미열을 동반하는 장염이 나타납니다.
신우신염,감염내과`신장내과`소아신장과,급성 신우신염은 신장이나 신우 등 상부 요로계가 감염된 것을 의미합니다. 방광이나 요도의 감염은 하부 요로 감염이라고 합니다.,급성 신우신염의 원인은 대개 세균(박테리아) 감염입니다. 세균이 방광에서 신장으로 거슬러 올라가 발생하는 감염이 대부분입니다. 혈류를 통해 신장에 감염되기도 합니다. 예를 들어 세균 감염에 의하여 방광염이나 요도염이 발생하고` 어떤 원인에 의해 소변이 아래에서 위로 역류하는 이상 현상이 생기면 세균이 신장으로 거슬러 올라가 신우신염이 발생합니다. 대장균에 감염되는 경우가 많습니다. 최근에는 항생제 사용이 증가하면서 항생제 내성균의 감염이 문제가 되고 있습니다.,급성 신우신염에 걸리면 열이 나며 등 뒤의 늑골척추각(맨 아래 갈비뼈와 척추가 만나는 부위)을 살짝만 쳐도 아픕니다. 요도염이나 방광염이 선행되는 경우가 많습니다. 소변을 눌 때 통증이 느껴지거나` 배뇨한 뒤에도 또 소변을 보고 싶어지는 증상이 나타납니다.
심근경색증,심장내과`심장병원,급성 심근경색증은 심장 근육을 먹여 살리는 관상동맥이 갑작스럽게 완전히 막혀서 심장 근육이 죽어가는 질환입니다. '혈전'이라는 피떡이 심장에 혈액을 공급하는 관상동맥을 갑자기 막아서 심장 근육으로 혈액이 공급되지 않아서 발생합니다. 협심증과는 다릅니다.심근경색증이 발생하면 1/3은 병원에 도착하기 이전에 사망합니다. 병원에 도착하여 적절한 치료를 받더라도 사망률이 5~10%에 이르는 무서운 질환입니다.,관상동맥의 벽에 콜레스테롤이 쌓이면 이를 둘러싸는 섬유성 막(fibrous cap)이 생깁니다. 어떤 이유로든 이러한 섬유성 막이 갑작스럽게 파열되면 안쪽에 있던 콜레스테롤이 혈관 내로 노출되고` 이곳에 갑작스럽게 혈액이 뭉쳐서 관상동맥이 완전히 막히게 됩니다.동맥경화반이 파열되는 원인은 정확하게 밝혀지지 않았습니다. 다만 동맥경화반의 불안정화나 혈역학적 원인 등 복합적인 원인에 의해 발생하는 것으로 알려져 있습니다.,심근경색증 환자의 50% 이상은 평소에 아무런 증상이 없습니다. 그래서 평소에 나름대로 예방하거나 건강검진을 하더라도 발견하지 못하는 경우가 많습니다. 따라서 심근경색증이 발생할 경우 빠른 진단과 적절한 치료가 매우 중요합니다.심근경색증이 발생하면 우선 격심한 가슴 통증이 발생합니다. 이때 발생하는 통증은 예전에 경험해보지 못했던 것으로` '가슴이 찢어지듯'` '벌어지는 듯'` '숨이 멎을 것 같은' 통증이 나타납니다. 이러한 고통은 30분 이상 지속되므로 환자들은 대개 이때 죽음의 공포를 경험합니다.
심부전,심장내과`심장병원,울혈성 심부전은 여러 원인으로 인해 심장이 신체 조직이나 기관에서 필요한 혈액(특히 산소)을 공급할 수 없는 병태생리학적 상태를 말합니다. 그 자체가 질병인 것은 아닙니다. 심부전은 급성으로 나타날 수도 있고` 만성으로 나타날 수도 있습니다. 심부전은 흔히 다른 심장 질환` 예를 들면 만성 고혈압` 관상동맥 질환` 판막에 이상이 있는 기계적 결함` 만성적인 부정맥(심방 세동이 가장 흔함) 등의 다양한 원인 질환으로 인해서 나타납니다.,나이가 들면 심장의 기능이 감소하여 울혈성 심부전이 발생할 위험성이 커집니다. 65세 이상 노인 인구의 3~5% 정도에서 울혈성 심부전이 나타납니다. 이 질환은 성인 입원 환자의 5% 정도를 차지합니다. 심심근의 비가역적 손상과 심근경색을 초래하는 관상동맥 질환이 심부전의 가장 흔한 원인입니다. 갑상선기능항진증(대사를 증가시켜 산소 요구량이 증가함)이나 심한 빈혈도 심부전의 원인이 됩니다.,울혈성 심부전의 일반적인 증상으로는 전반적으로 몸이 약해짐` 피곤함` 운동을 조금만 해도 힘듦` 중추신경 증상(착란` 불면` 두통)` 빈맥` 야뇨증` 청색증 등이 있습니다. 또한 전신적 울혈` 폐의 울혈` 말초의 저관류` 교감 신경의 활성 증가로 인한 증상이 나타납니다. 대부분은 초기에 좌심실 부전이 먼저 일어나고` 이것이 우심실의 부담을 증가시켜 결국 우심실 부전이 일어납니다. 1` 좌심실 부전초기 증상은 안정 시` 혹은 이전에는 아무런 불편을 초래하지 않았던 신체적 활동을 할 때 느껴지는 호흡 곤란입니다. 특히 환자가 누웠을 때 호흡 곤란이 현저해집니다(기좌호흡)` 환자가 일어나 앉으면 호흡 곤란이 경감됩니다. 따라서 베개를 높여 주면 증상이 경감됩니다. 급성 발작성 야간호흡 곤란은 좌심부전에서 나타나는 호흡 곤란의 한 형태입니다. 환자는 잠든 지 2~4시간 후에 질식감을 느껴 잠을 깹니다. 주의 깊게 문진을 해보면 뚜렷한 징후 및 증상 발작이 나타나기 직전에 목을 졸라서 질식하였다든지 물에 빠졌다든지 하는 악몽일 꾸는 경우가 있습니다. 급성 발작성 야간호흡 곤란에서 천명` 천식과 비슷한 호흡을 수반하는 경우 ‘심장성 천식’이라고 합니다. 또한 급성 폐부종에서는 핑크색 거품이 많은 객담이 나타납니다. 2` 우심실 부전우심실 부전의 특징은 체순환계 정맥울혈과 부종입니다. 우심실 부전의 원인은 좌심실 부전인 경우가 많습니다. 그러나 우심실 부전은 폐고혈압` 폐색전` 폐동맥 협착` 심방 중격 결손 등에 의해 일어나기도 합니다. 경정맥압이 상승하고` 말초성 부종을 동반합니다. 우심실이 증가된 혈액을 다 수용하지 못하여 정맥압이 상승합니다. 이로 인해 복부(특히 간)에 울혈이 생깁니다. 위장관계 증상(복부 팽만` 식욕 부진` 오심` 구토` 변비 및 복통)` 복수가 생기기도 합니다. 또 신장의 관류량이 적어서 소변량이 감소하고 고질소혈증이 생길 수 있습니다. 
알코올성 간 질환 / 간 병변 / 간암,소화기내과,알코올성 간질환은 과다한 음주로 인해 발생하는 간질환을 의미합니다. 무증상 지방간부터 알코올성 간염` 간경변` 말기 간부전에 이르는 다양한 질환을 말합니다.,알코올성 간질환은 과도한 음주로 인해 발생합니다. 과도한 음주량의 기준은 유전적인 특징` 성별에 따라 개인적인 차이가 있습니다. 그러나 하루 80g 이상의 알코올을 10~20년 정도 매일 섭취하는 경우` 알코올성 간염이나 간경변이 발생할 가능성이 큽니다. 일반적으로 비교적 안전하다고 여겨지는 음주량은 남성은 일일 40g` 여성은 일일 20g 이하입니다. 그러나 여성의 경우 남성보다 알코올을 적게 섭취해도 알코올성 간질환으로 이행할 수 있습니다. 보통 술 한 잔에 10g의 알코올이 들어 있습니다.,알코올 과다 섭취로 인한 간경변증의 발생 가능성은 유전적인 특징` 성별에 따라 개인별로 차이가 있습니다. 일반적으로 하루 80g 이상의 알코올을 10~20년간 섭취한 경우` 약 20%에서 알코올성 간경변증이 발생합니다. ① 알코올성 지방간대부분 무증상입니다. 그러나 간이 정상보다 큰 경우는 오른쪽 상복부의 통증을 호소할 수 있습니다. ② 염증이 진행된 알코올성 간염무력감` 피로감` 발열` 오심과 구토` 식욕 부진` 눈의 흰자가 노래지는 황달 등을 호소합니다. 약 30%는 복수(복막에 물이 차는 증상)가 동반됩니다. ③ 알코올성 간경변복수` 식도정맥류(식도 혈관의 압력이 증가하여 식도 정맥의 수와 크기가 증가하고` 이에 따라 정맥이 혹처럼 부풀어 오르는 증상)의 출혈` 간성 혼수(의식이 흐려지거나 다른 사람처럼 행동함) 등이 나타납니다. 
약물에 의한 급성 신손상,소화기내과,약물로 인한 급성 신손상이다.,,
역류성 식도염,가정의학과`소화기내과`위장관외과`소아소화기영양과,위식도 역류성 질환은 위 내용물이 소량씩 식도로 역류하고` 이러한 역류의 과정이 반복되어 식도 점막이 손상되어 염증이 나타나는 질환을 의미합니다. 이는 위와 식도 사이에서 위의 내용물이 식도로 올라오는 것을 막아 주는 조임쇠 역할을 하는 괄약근에 이상이 생겨 발생합니다.,위식도 역류성 질환은 다음과 같은 원인으로 발생합니다. ① 위 내용물의 양적 증가식후나 유문 협착` 위 내용물 정체` 위액 분비 과다 등으로 위 내용물이 증가하면` 이것이 십이지장으로 배출되지 못하고 식도로 역류할 수 있습니다. 특히 눕거나 구부리는 자세로 인해 위 내용물이 식도 가까이에 위치하면 역류가 잘 일어납니다. ② 위 내부 압력 및 복압 증가비만` 임신` 복수 등으로 위 내부의 압력이 증가하거나` 복대 착용` 잦은 기침 등으로 복압이 증가하면 역류가 잘 일어납니다. ③ 괄약근 압력 감소위와 식도 사이에 있는 괄약근의 압력이 줄어드는 문제가 생기면 역류가 잘 일어납니다. 괄약근의 압력은 대개 기름진 음식` 음주` 흡연에 의해 감소합니다. 칼슘길항제` 항콜린제` 안정제` 테오필린 등의 약물도 괄약근 압력 감소에 영향을 끼칩니다. 커피` 초콜릿` 박하` 오렌지주스 등의 음식도 악영향을 끼칠 수 있습니다. 위와 같은 원인으로 위 내용물이 식도 점막에 손상을 입힐 수 있습니다. 위 내용물에 포함된 위산` 음식물` 소화 효소 등으로 식도를 자극하면 통증` 기침 등이 나타나고 염증을 일으킵니다. 이 때문에 통증` 출혈` 연하(삼킴) 곤란 등의 증상이 나타납니다.,위식도 역류성 질환의 전형적인 증상은 가슴쓰림과 위산 역류 증상입니다. ① 가슴쓰림가슴쓰림(heartburn)은 대개 명치끝에서 목구멍 쪽으로 치밀어 오르는 것처럼 흉골 뒤쪽 가슴이 타는 듯한 증상을 말합니다. 환자는 이러한 증상을 ‘가슴이 쓰리다` 화끈거린다` 따갑다` 뜨겁다’ 등으로 묘사합니다. 이 통증은 견갑골(날개뼈) 사이` 목` 팔 쪽으로 뻗어갈 수 있습니다. ② 위산 역류위산 역류는 위액이나 위 내용물이 인두(식도와 후두 사이)로 역류하는 현상을 말합니다. 환자는 시고 쓴맛을 호소합니다. 대개 많은 음식을 먹은 후` 혹은 누운 자세에서 쉽게 발생합니다. 일부 위식도 역류 질환 환자는 협심증으로 오인할 정도의 심한 흉통을 호소합니다. ③ 기타- 소화기 증상(연하 곤란` 연하통` 오심 등)- 이비인후과 증상(만성적인 후두 증상` 인후 이물감` 기침` 쉰 목소리` 후두염` 만성 부비동염 등)- 호흡기계 증상(만성 기침` 천식 등) : 만성 기침 환자 중에서 역류성 식도염이 원인인 경우가 5~7%를 차지합니다. 또한 천식과 역류성 식도염이 동시에 있는 사람에게 역류성 식도염 치료제를 투여하면 천식 증상이 함께 호전된다는 보고가 있습니다.- 비전형적인 증상(충치 등) 
연쇄상구균 감염 후 사구체신염,신장내과,사구체신염은 면역 기능 이상에 의해 사구체에 염증 반응이 일어났을 때 그에 따른 증상과 징후가 발생하는 질환을 통칭합니다.,사구체신염의 원인은 매우 다양합니다. 주로 면역학적 기전에 의해 발생합니다. 이러한 면역학적 원인 외에도 대사 장애` 혈류역학적 손상` 독성 물질` 감염 및 유전 등이 사구체신염의 원인이 됩니다. ,사구체신염의 증상은 원인이 되는 질환에 따라 다릅니다.  ① IgA 신증  ② 신증후군하루 3`0g 이상의 심한 단백뇨와 부종이 나타납니다. 일차적인 원인에는 미세변화 사구체병증` 국소성 분절성 사구체경화증` 막성 사구체병증` 막증식성 사구체신염 등이 있습니다. 타 질환에 동반된 이차성 신증후군의 원인으로는 당뇨병성 신장병증이 가장 많습니다. 이외에 낭창성 신염` B형 간염 바이러스에 의한 신염 등이 있습니다.                      ③ 급성 감염 후 사구체신염 소아나 젊은 성인에게 잘 발생합니다. 수일~수주에 걸쳐 핍뇨` 혈뇨와 단백뇨` 신기능 저하` 부종 및 고혈압이 나타납니다. 주로 연쇄상구균에 의한 편도선염` 피부 감염이 발생한 이후 이차적으로 나타나는 경우가 많습니다. ④ 급속 진행형 사구체신염수주~수개월 내 신부전으로 진행되는 사구체신염입니다. 그 원인에는 혈관염` 막증식성 사구체신염` 전신성 홍반성 낭창` 한냉단백혈증` IgA 사구체신염` 급성 감염 후 사구체신염 등이 있습니다.  ⑤ 무증상성 요 이상아무런 증상 없이 요 검사상 혈뇨 또는 가벼운 단백뇨가 발견되는 경우입니다. IgA 사구체신염에 의해 발생한 경우가 가장 흔합니다.
염증성 장질환,소화기내과`대장항문외과`소아소화기영양과,크론병은 입에서 항문까지 소화기관 전체에 발생할 수 있는 만성 염증성 장질환입니다. 궤양성 대장염과 달리 장의 모든 층에 염증이 침범할 수 있습니다. 주로 대장과 소장이 연결되는 부위인 회맹부에 발병하는 경우가 흔하고` 그 다음으로 대장` 회장 말단부` 소장 등에서 많이 발생합니다.,크론병의 원인은 아직 정확히 알려지지 않았습니다. 마이코박테리아 감염` 홍역바이러스 감염` 소화관 내에 정상적으로 존재하는 세균에 대한 과잉 면역 반응이 원인으로 여겨집니다. 젊은 사람들에게 흔히 발생하며` 15세~35세 사이에 발견되는 경우가 많습니다. 한 가족 내에 크론병 환자가 여러 명 나타나는 것으로 보아` 이 질환은 유전적 영향이나 환경적 영향을 받는 것으로 여겨집니다. 또한 크론병과 흡연은 밀접한 관련이 있습니다. 흡연은 크론병의 발생을 촉진하며` 흡연자는 수술 후 재발률이 높고 증상이 악화될 수 있습니다.,크론병의 증상은 환자에 따라 종류와 정도가 다양하게 나타납니다. 가장 특징적인 증상은 증상기(복통과 설사 등의 증상이 나타나는 시기)와 무증상기(특별한 처치 없이 증상이 회복되어 아무런 증상도 나타나지 않는 시기)가 반복된다는 것입니다. 복통은 간헐적으로 나타나는 산통과 유사합니다. 주로 하복부에 나타납니다. 설사는 약 85%의 비율로 나타납니다. 설사 증상은 일반 설사와 같으며` 설사에 고름이나 혈액` 점액이 섞이는 경우는 거의 없습니다. 전체 환자의 1/3에서 체중 감소가 나타납니다. 오심` 구토` 발열` 밤에 땀을 흘리는 증상` 식욕 감퇴` 전신적인 허약감` 근육량 감소` 직장 출혈 등이 나타납니다. 입안의 점막과 식도` 위막에 염증이 생기기도 합니다. 급성으로 발현되면 체온이 상승하고` 백혈구의 수치가 증가하며` 오른쪽 복부 아래쪽에 심각한 통증이 나타납니다. 소장과 대장에 모두 염증이 침범하는 경우가 55% 정도` 소장에만 염증이 침범한 경우가 30% 정도` 대장에만 염증이 침범한 경우가 15% 정도를 차지합니다. 병변 부위는 정상 부위 – 병변 부위 – 정상 부위가 반복되는 듯 건너뛰어 있는 양상을 보입니다. 장이 복벽에 위치할 수 있도록 지지해주는 장간막도 두꺼워져 있습니다. 비대해진 림프절을 관찰할 수 있습니다. 크론병 환자의 90% 이상은 항문 질환이 있습니다. 항문 직장(Anorectal area) 주위에 농양이 생기는 경우가 있고` 이로 인해 치루가 생기기도 합니다. 만성적인 장의 염증으로 인해 누공이 생길 수 있고` 상처와 장폐색이 나타날 수 있습니다. 누공과 농양이 장의 벽을 관통하는 큰 구멍을 만들기도 합니다. 이외에 장의 기능 이상과 관련 없이 관절통` 관절염이 나타나기도 합니다. 피부` 눈` 간` 신장에 이상이 생기기도 합니다. 골밀도가 감소하여 골다공증이 생기는 경우도 있습니다. 
요로 감염,신장내과`노년내과`비뇨의학과`소아신장과`소아비뇨의학과,요로 감염은 신장` 요관` 방광` 요도` 전립선 등 요로계에 미생물이 침입하여 염증성 반응을 유발하는 것을 의미합니다.,요로 감염의 원인균 중 85%가 대장균입니다. 감염 경로 중에는 요도로부터 방광으로 올라가는 상행성 감염이 대부분을 차지합니다. 여성에게 빈번하게 발생합니다. 요로 감염은 해부학적 이상이나 기능적 이상이 없어도 발생합니다. 비뇨기계 관련 수술이나 기계적 조작에 의해 발생할 수도 있습니다.,요로 감염의 증상은 감염 부위에 따라 차이가 있습니다. 상부 요로 감염인 신우신염의 경우에는 발열` 오한` 옆구리 통증` 배뇨통` 빈뇨` 야간뇨` 절박뇨` 오심` 구토가 나타납니다. 반면` 하부 요로 감염인 방광염은 배뇨통` 빈뇨` 절박뇨 등 배뇨 이상 증상만 나타납니다. 요도염의 잠복기는 3~10일이며` 길게는 3주까지 나타납니다. 요도 분비물` 배뇨통` 요도 가려움증 등의 증상이 나타납니다. 때로는 증상이 없을 수도 있습니다.`
요로결석,비뇨의학과,요관 결석은 말 그대로 요관에 위치한 결석을 말합니다. 소변은 신장에서 피를 걸러 생성되어 배출되고` 신우와 요관을 거쳐 방광에 도달하여 그곳에 모여 있다가` 요도를 통해 배설됩니다. 이렇게 소변이 생성되어 배출되는 경로를 요로라고 하고` 이 중 신장과 방광 사이의 요로를 요관이라고 합니다.,요관 결석은 수분 섭취 감소로 요석 결정이 소변에 머무르는 시간이 길어져서 요석이 생김으로써 발생합니다. 유전적인 영향이 있다는 이론도 있습니다. 여성보다 남성의 발생률이 높습니다. 젊은 연령층에서도 잘 발생합니다. 또한 온도와 계절은 요로 결석 발생에 중요한 요인으로 작용합니다. 여름에 땀을 많이 흘리면 소변이 농축되어 요관 결석이 잘 생길 수 있습니다.,요관 결석의 대표적인 증상으로는 극심한 옆구리 통증과 측복부 통증이 있습니다. 환자들은 대개 통증이 너무 심하여 응급실을 방문합니다. 갑자기 통증이 생겼다가 지속되다가 사라지는 상태가 반복될 수 있습니다. 통증은 남성의 경우 하복부` 고환` 음낭까지` 여성의 경우 음부까지 뻗어가기도 합니다. 심한 경우 구역` 구토` 복부 팽만 등이 함께 나타나기도 합니다. 때로는 혈뇨 혹은 발열을 동반할 수 있습니다.
요붕증,내분비내과`소아내분비대사과,우리 몸이 제 기능을 하기 위해서는 항상 적절한 수분이 필요합니다. 우리 몸의 수분 상태를 조절해 주는 가장 중요한 물질 중 하나가 바로 항이뇨호르몬입니다. 이 항이뇨호르몬은 뇌하수체에서 분비되며` 신장에서 소변을 통해 빠져나가는 수분 중 우리 몸이 필요한 만큼의 수분을 재흡수하도록 조절합니다. 만일 뇌하수체에서 항이뇨호르몬이 제대로 분비되지 않거나` 항이뇨호르몬이 신장에서 작용하지 못하면 몸에서 필요한 수분이 재흡수되지 못하고 소변을 통해 필요 이상 많이 빠져나갑니다. 이처럼 항이뇨호르몬 분비가 부족하거나 신장에서 제 기능을 하지 못하는 상태를 요붕증이라고 합니다.,요붕증은 뇌하수체 후엽에서 분비되는 항이뇨호르몬이 부족하거나` 항이뇨호르몬은 정상적으로 분비되지만 신장에 문제가 있어 항이뇨호르몬이 정상적으로 작용하지 못할 때 발생합니다. 두 가지 원인 중에서 주로 뇌하수체 후엽에서 분비되는 항이뇨호르몬의 결핍이 원인이 되는 경우가 많습니다. 뇌하수체 후엽에서 항이뇨호르몬 분비가 감소하는 원인은 뇌하수체 종양` 외상` 수술` 감염 등이 있습니다. 뚜렷한 원인을 찾지 못하는 경우도 있습니다. ,요붕증 환자는 심한 갈증` 다뇨(소변을 매우 많이 봄) 증상 이외에도 탈수로 인한 허약감` 구각 점막이나 피부의 건조 증상이 나타날 수 있습니다. 탈수가 심해지면 의식을 잃거나 열이 날 수도 있습니다. 영아의 경우에는 탈수 상태에서 수분 보충이 이루어지지 않으면 발열` 경기` 구토 증상이 있을 수 있습니다. 심한 경우 뇌손상을 초래하기도 합니다.
요실금,비뇨의학과,요실금은 자신도 모르게 소변이 흐르는 증상을 말합니다. 갑작스럽게 배의 압력이 높아질 때(재채기를 하거나 크게 웃을 때` 뛰거나 줄넘기 등 운동을 할 때 등)` 소변이 마려운 느낌이 들면서 바로 소변이 흘러나올 수 있습니다.,요실금의 원인은 다양합니다. 자연 분만 후 방광을 지지하는 골반 근육이 느슨해져서 방광과 요도가 복압을 견뎌낼 수 없는 위치로 처져서 요실금이 생길 수 있습니다. 신경이 손상되어 요도 괄약근의 기능이 저하되어 요실금이 생길 수도 있습니다. 폐경` 급성 및 만성 방광염` 골반부 수술` 방사선 치료의 합병증` 당뇨의 합병증` 중추 및 말초 신경 질환 등으로 발생할 수 있습니다.,요실금이 발생하는 원인이 다양한 만큼` 요실금의 종류 또한 매우 다양합니다.
용혈병,혈액내과,자가면역용혈질환은 적혈구 내부의 특수 항원에 대한 항체가 형성되어 적혈구가 일찍 파괴되어 나타나는 후천성 용혈빈혈입니다.,온난 자가항체에 의한 용혈빈혈에는 일차형과 이차형이 있습니다. 일차형은 원인을 알 수 없는 경우를 말합니다. 이차형은 림프종` 홍반성 낭창(SLE` 혈관 및 결체 조직을 침범하는 전신 질환)과 같은 질환과 관련하여 발생하는 경우를 말합니다. 약 20%는 약물에 의해 발생합니다. 한랭 자가항체는 정상적으로도 혈액 내에 적은 양이 존재하는 항체입니다. 그러나 바이러스나 세균의 하나인 폐렴 마이코플라즈마(Mycoplasma pneumoniae)에 감염되면 항체가 증가합니다. 추위에 노출되면 혈관 내에서 용혈을 일으켜서 증상이 나타납니다. 발작성 한랭혈색소뇨는 특이한 항체인 도나트-란트슈타이너(Donath-Landsteiner) 용혈소에 의해 일어나는 용혈빈혈입니다. P항원과 잘 반응합니다. 선천성으로 발생하거나` 후천성 매독` 바이러스 감염 등과 관련하여 발생합니다.,온난 자가항체로 인해 나타나는 용혈빈혈에는 급성형과 만성형이 있습니다. 급성형은 70~80%를 차지하며` 2~12세에 호흡기 감염 후에 잘 생깁니다. 증상은 보챔` 안면 창백` 발열` 황달 등입니다. 혈색소뇨증이나 비장 비대가 3~6개월간 지속됩니다. 스테로이드 제제에 잘 반응하여 완전 회복되는 것이 특징입니다. 만성형은 주로 영아기나 12세 이후에 발생합니다. 수개월 내지 수년 동안 용혈이 지속됩니다. 자주 전신 질환과 연관되어 나타납니다. 만성형은 스테로이드 제제에 일정하게 반응하지 않습니다. 소아 환자는 안면 창백` 무기력` 식욕 부진` 황달` 흑색뇨` 복통 등을 호소합니다. 빈혈 관련 증상과 함께 간비종대가 보입니다. 증상의 경중은 주로 용혈의 정도에 비례합니다. 우리 몸에서는 적혈구가 파괴되고 남은 물질인 헴 단백을 간에서 분해해서 처리합니다. 그 결과 만들어지는 물질이 빌리루빈입니다. 이 빌리루빈은 노란색을 띠고 있기 때문에 몸 안에서 증가하면 눈 색이 노랗게 됩니다. 또한 소변으로 배설되기 때문에 적갈색을 띠게 됩니다. 경우에 따라서는 용혈이 된 결과 헤모글로빈 단백 형태로 있던 헴 단백이 깨져서 소변 내에 돌아다닙니다. 이러한 단백들이 바로 소변으로 배설되기도 하며` 이 경우 적갈색의 소변이 나오기도 합니다. 한랭 자가항체에 기인하는 용혈빈혈은 추위에 노출되면 혈관 내 용혈을 일으킵니다. 다른 용혈빈혈과 동일한 증상을 나타냅니다.
원발성 알도스테론증,가정의학과`심장내과,고혈압은 혈압이 여러 원인으로 인해 높아진 상태를 의미합니다.,,
위암,소화기내과`종양내과`방사선종양학과`위장관외과`암병원,위에 발생하는 악성 종양에는 위 선암` 림프종` 위 점막하 종양` 평활 근육종 등이 있습니다. 이 중에서 위 선암이 98%를 차지합니다. 따라서 위암은 일반적으로 위 선암을 말합니다. 위암은 위의 점막에서 발생합니다. 시간이 지남에 따라 점막하층` 근육층` 장막하층` 장막층으로 침윤합니다. 위암은 점막 또는 점막하층을 따라 위 내에 넓게 퍼지기도 하고` 점막층에서 장막층을 향해 깊이 퍼지기도 합니다. 위 주변의 임파선을 따라서` 혹은 혈류의 파급에 의해 간` 폐` 뼈 등의 여러 부위로 퍼질 수 있습니다.,위암의 원인으로는 만성 위축성 위염` 장 이형성` 위소장 문합술` 식이 요인` 헬리코박터 파일로리균(Helicobacter pylori) 감염` 유전 요인` 기타 환경적 요인 등이 있습니다. 1` 만성 위축성 위염만성 위축성 위염은 위암으로 진행할 위험도가 높은 일종의 전구 병변입니다. 위암으로 진행될 때까지 걸리는 기간은 16~24년 정도입니다. 2` 장 이형성위점막 세포의 장 이형성(위장에 소장의 선세포가 나타나는 현상)은 위암의 전 단계 병변으로 알려져 있습니다. 3` 위소장 문합술위와 소장을 연결해 주는 수술을 받으면 위 산도가 떨어집니다. 이로 인해 세균이 증식하고 박테리아가 군집합니다. 그 결과 수술 후 20년이 경과하면 위암 발병 위험도가 3~5배 높아집니다. 4` 식이 요인위암 발병의 중요한 원인으로 식이 요인을 들 수 있습니다. 질산염 화합물(식품 처리제` 염장식품` 가공 육류` 훈제식품)` 고염 식품(염장 채소` 염장 생선)` 불에 태운 음식` 술` 담배 등은 위암의 위험도를 높입니다. 채소` 과일` 비타민 등은 항암 효과가 있습니다. 5` 헬리코박터 파일로리균(Helicobacter pylori) 감염헬리코박터 파일로리균에 감염되면 위암 발병 위험도가 2`8~6배 증가합니다. 6` 유전 요인우성 유전 질환인 선종성 대장폴립 환자는 일반인에 비해 위암 발병 빈도가 약 7배 정도 높습니다. 직계 가족에게 위암이나 대장암이 있으면 위암에 대한 정기 검진을 받아야 합니다. 7` 환경적 요인위암을 유발하는 환경적 요인으로 석면` 철가루 먼지` 공해` 전리방사선` 흡연` 방부제` 농약` 산업폐기물 등이 있습니다. 불행히도 위암은 대부분 초기에 별다른 증상을 보이지 않습니다. ,위암의 증상으로는 상복부 불쾌감` 상복부 통증` 소화불량` 팽만감` 식욕 부진 등이 있습니다. 하지만 이러한 증상은 위염이나 위궤양의 증세와 유사합니다. 이 때문에 소화제나 제산제를 장기 복용하며 대증 요법을 하는 경우가 많아 수술 시기를 놓치기도 합니다. 위암을 조기에 치료받지 않으면 점차 진행되어 복부에 딱딱한 덩어리가 만져질 수 있습니다. 또한 구토` 토혈` 하혈` 체중 감소` 빈혈` 복수에 의한 복부 팽만 등의 증상이 생길 수 있습니다. 이런 경우에는 치료 결과가 좋지 않을 정도로 암이 진행된 경우가 많습니다. 
윌슨병,소화기내과`신경과`의학유전학센터`간이식ㆍ간담도외과`소아내분비대사과`소아소화기영양과`의학유전학과,윌슨병(Wilson's disease 또는 Hepatolenticular degeneration)은 구리 대사의 이상으로 인해 주로 간과 뇌의 기저핵에 과다한 양의 구리가 축적되는 유전 질환입니다.,윌슨병은 상염색체 열성으로 유전됩니다. 부모 양쪽 모두가 보인자라면 자녀가 환자일 확률은 25%입니다. 우리나라에서는 일반인 가운데 90~100명 중 1명의 빈도로 윌슨병의 유전자를 가지고 있습니다. 윌슨병은 구리의 흡수에 관여하는 효소인 copper transporting P-type ATPase(ATP7B) 유전자의 돌연변이에 의해 발생합니다. 이 유전자는 13번 염색체 장완 q14`3에 위치합니다. 이 유전자의 이상으로 구리가 간장 세포 내에서 미세 담도로 배출되지 못합니다. 또한 구리가 세룰로플라스민과 결합하지 못하여 혈액 내로 배출되지 못함으로써 간장 세포` 적혈구` 뇌 등의 장기에 구리가 침착되고 중독 증상이 나타납니다. 유전자 발견 이후` 윌슨 유전자에 대한 돌연변이 연구가 집중적으로 이루어졌습니다. 그 결과 유전자의 돌연변이 양상에 동서양 간 차이가 있음이 확인되었습니다. 전체적으로 윌슨병 환자의 80% 정도에서 ATP7B 유전자의 돌연변이를 발견할 수 있습니다. 한국인의 경우 R778L이 30% 정도를 차지하여` 가장 흔한 돌연변이임이 최근에 밝혀졌습니다. 이 밖에 A874V과 N1270S도 각각 15% 정도를 차지하여 비교적 흔한 돌연변이에 해당합니다.,윌슨병의 주 증상은 간 질환과 신경 질환입니다. 정신과적인 문제를 보이기도 합니다. 15세 이전에는 주로 간 질환이 나타나고` 15세 이후에는 신경 증상을 보입니다. 약 40~50%의 환자가 간 장애를` 35~50%의 환자가 신경 증상이나 정신과적인 증상을 보입니다. 신경 증상을 보이는 거의 모든 환자에게 각막환(Kayser-Fleischer ring)이 나타납니다. 다양한 형태로 발생하며 원인을 설명하기 힘든 신경학적 이상` 정신과적 이상` 간염` 용혈성 빈혈` 뼈 이상` 혈뇨 등이 나타날 수 있습니다. 이 밖에도 가족 검사나 일반 건강 검진으로 간 기능 이상이 발견되는 경우도 있습니다. 1` 간 이상소아에게는 주로 간 질환이 나타납니다. 간에 구리가 축적되어 증상이 나타나므로 보통 5세가 지나야 발병합니다. 간에 구리가 침착되면 처음에는 간 효소치만 약간 증가하고 증상이 없는 간장 비대만 나타납니다. 결국은 만성 활동성 간염` 간경화` 문맥압 항진증으로 진행합니다. 간혹 급성 전격성 간염이 발생하여` 급격히 간성 혼수로 빠지면서 사망에 이를 수도 있습니다. 2` 신경계 이상윌슨병의 신경계 증상은 대뇌 기저핵 손상으로 인하여 발생합니다. 사춘기 이전에 증상이 나타나는 경우는 드물고` 대부분 15세 이후 청소년기에 나타납니다. 대뇌 기저핵이 손상되어 구음 장애` 연하 장애` 무표정한 얼굴` 비정상적인 눈의 움직임` 미세 운동 장애` 근 긴장 이상` 근 긴장 이상 자세` 운동 장애(불안정한 보행` 무도증` 근위부 진전 등)가 나타납니다. 3` 정신과적 이상구리가 뇌에 중독되어 정신과적 이상이 나타납니다. 과잉 행동` 불안 또는 공포` 정서 불안` 감정 조절의 어려움` 조울증` 비정상적인 행동` 집중력 저하` 인성 변화` 정신분열증의 증상이 나타납니다. 이 중에서 가장 흔한 증상은 비정상적인 행동입니다. 구리를 제거하는 약물 치료로 정신 증상이 호전되기는 하지만` 추가적인 치료가 필요합니다. 4` 안과적 이상각막의 테두리를 따라서 황록색의 특이한 각막환(Kayser-Fleischer ring)이 나타납니다. 육안으로는 잘 볼 수 없고` 세극등 현미경(slit lamp) 검사로 확인할 수 있습니다. 간 질환만 있는 경우에는 안과적 이상이 없을 수도 있습니다. 그러나 신경 증상이 있는 대부분의 환자에게서 안과적 이상이 관찰됩니다. 해바라기 모양의 백내장` 외사시` 야맹증 등이 올 수도 있습니다.   5` 혈액 이상때로는 과량의 구리가 용혈성 빈혈을 유발합니다. 6` 신장 이상주로 근위세뇨관의 손상으로 나타납니다. 혈뇨` 아미노산뇨증` 요비중의 감소` 당뇨` 요산뇨증(uricosuria)` 과인산뇨증(hyperphosphaturia)` 신세뇨관성산증(renal tubular acidosis) 등의 판코니(Fanconi) 증후군이 나타날 수 있습니다. 그 결과 뼈가 아프고` 성장기의 소아가 잘 자라지 않고` 등이 굽을 수 있습니다. 7` 골격 이상과인산뇨증 때문에 혈중 인산의 농도가 낮아집니다. 그 결과 골다공증` 구루병` 뼈의 골절 등이 나타날 수 있습니다. 8` 관절통관절통이 올 수 있습니다. 대개 무릎 관절의 통증을 호소하는 경우가 많습니다. 9` 내분비 이상여성의 경우 난소 기능 장애로 이차성 무월경 등이 발생하기도 합니다. 
유당불내증,가정의학과,유당은 우유에 함유된 물질입니다. 유당 분해 효소인 락타아제가 부족한 사람이 유당을 섭취하면` 유당이 소장에서 삼투 현상에 의해 수분을 끌어들임으로써 팽만감과 경련을 일으키고` 대장을 통과하면서 설사를 유발합니다. 이러한 현상을 유당분해효소결핍증이라 합니다.,유당분해효소결핍증의 원인은 크게 3가지로 분류됩니다. ① 일차성 유당분해효소 결핍광범위하게 나타납니다. 인종에 따라 발생률이 다릅니다. 유제품(우유` 치즈` 아이스크림` 요거트 등) 섭취 정도와 유당을 소화할 수 있는 개인의 능력과 관계가 깊습니다. 동양인은 어려서부터 락타아제의 결핍이 나타나 백인과 비교하였을 때 유당분해효소결핍증이 있는 경우가 많습니다.  ② 이차성 유당분해효소 결핍유당분해효소를 분비하는 소장 세포가 장내 감염(로타바이러스 등) 등에 의해 손상을 받아 염증이 발생하면` 염증이 자연 치유되면서 락타아제 세포가 함께 소실되어 재생되지 않을 수 있습니다. 락타아제가 소실된 상태에서 우유를 섭취하면 유당이 제대로 소화되지 못하여 대장으로 직접 이동하여 유당분해효소결핍증이 나타납니다. ③ 선천성 유당분해효소 결핍상염색체 열성 유전 질환으로` 드물게 나타납니다. 신생아가 모유나 우유를 섭취한 후 난치성 설사 현상을 나타냅니다.,우유를 마신 후 속이 불편하거나 더부룩한 느낌` 설사와 복통` 복부 팽만` 오심 등의 증상이 나타날 수 있습니다. 증상을 일으키는 유당량은 개인마다 다릅니다. 유당 섭취량` 락타아제의 결핍 정도` 섭취 유당 함유 식품의 형태에 따라 좌우됩니다.
유방낭종,유방외과`피부과,낭종이란 주위 조직과 뚜렷이 구별되는 막과 내용물을 지닌 주머니를 말합니다. 낭종은 신장` 간` 유방` 피부 등 어느 부위에나 생길 수 있습니다. 통상적으로 낭종이 한번 형성되면 수술로 제거되지 않는 한 없어지지 않고 평생 지속됩니다. 낭종의 대부분은 양성이어서 건강에 큰 영향을 미치지 않지만 간혹 암이나 전암성 병변(암이 되기 전 단계의 병변)일 수 있으며` 심각한 기저질환을 의미할 수도 있습니다.,유방낭종은 여성호르몬의 농도에 영향을 받습니다. 낭종은 피부 바로 밑에서 느껴지기도 하고 유방 심부(깊은 곳)에 발생하기도 합니다. 대개 통증은 없으며 단독보다는 다발성으로 잘 생기고 양측성으로도 생기며` 몇 가지의 임상적 단계를 거치거나 한 가지 형태로만 나타날 때도 있습니다. 원인은 확실하지 않지만 월경주기의 에스트로겐 수준과 관련이 있는 것으로 보이며` 폐경 후 에스트로겐이 분비되지 않으면 증상이 완화됩니다.,대개 둔하거나 쑤시는 통증이 결절 부위에 있으며 생리 직전에 통증이 심합니다. 어떤 경우에는 통증은 없고 덩어리나 유두 분비물만을 호소하는 경우도 있습니다.
유방농양,유방외과,유방에 여러 가지 원인으로 염증이 생긴 것을 유선염이라고 하고` 유선염이 진행되어 유방에 고름 주머니가 생긴 것을 유방 농양이라고 합니다.,유방 농양은 20~40세의 여성에게 주로 발생합니다. 원인균은 포도상구균과 연쇄상구균입니다. 감염균은 대부분 수유 중에 아기의 입을 통하여 엄마 유방의 손상된 피부 부위를 통해 침입합니다. 세균은 젖이 고여 있는 곳에서 아주 잘 자라며` 염증과 고름을 만듭니다. 유선염 환자의 5~11%가 유방 농양으로 진행합니다. 유방 농양은 주로 유두가 함몰된 경우에 잘 발생합니다. 이때는 항상 깨끗이 하도록 합니다. 감염균은 피부의 손상 없이 유관을 통해 침입하기도 합니다. 당뇨병 등의 만성 질환이 있으면 감염에 대한 면역력이 감소하여 수유에 관계없이 유방 조직에 감염 및 염증을 일으킬 수 있습니다. 유방이 손상을 받은 경우` 즉 부딪혀 으깨지거나 날카로운 물건에 찔린 경우에도 생길 수 있습니다.,염증에 의해 유방의 통증` 부종` 발적` 국소적 또는 전신적인 발열` 가려움증` 유두로 분비되는 농양` 겨드랑이 부위의 림프절이 커지는 등의 증상이 나타날 수 있습니다. 염증이 심해지면 조직이 녹고 고름집이 만들어집니다. 이로 인해 아프고 물렁물렁한 멍울이 생깁니다. 유방 전체가 단단해지고` 감염 부위 유방의 피부 변화(발적)와 심한 통증을 보입니다. 만성으로 진행되기도 하며` 커다란 농양을 형성하기도 합니다. 
유방염,유방외과,유선염은 유방에 생기는 세균성 감염을 말합니다.,유선염은 병균이 유두의 상처로 침범한 뒤 고인 젖에서 자라서 발생합니다. 유선염은 젖꼭지가 갈라졌거나 젖 구멍이 막힌 경우에 더 잘 발생합니다. 너무 꽉 끼이는 브래지어를 사용하면 유방을 압박해서 유관이 막히고` 이렇게 막힌 유관에 젖이 고이면 유선염이 생길 수 있습니다. 그 밖에 아기에게 젖을 자주 주지 않은 경우` 빈혈` 스트레스` 피로 등으로 엄마의 면역이 떨어진 경우에 잘 생깁니다.,유선염에 걸리면 유방이 아프면서 38`5℃ 이상의 고열이 생깁니다. 한기가 들기도 하며` 온몸이 쑤시고 감기에 걸린 것처럼 아프기도 합니다. 유선염이 생긴 부위는 쐐기 모양으로 붉게 변하고` 열감이 느껴지며` 붓고 아프고` 콕콕 찌르는 느낌이 들기도 합니다. 유방 내부에 멍울이 생겨 아픕니다. 겨드랑이 하부의 림프절이 붓기도 합니다. 대개 한쪽의 유방에만 생깁니다.
임신,산부인과,임신이란 수정란이 자궁 내벽에 착상하여 모체로부터 영양을 공급받으며 태아로 발육하는 과정이다. 사람의 임신기간은 일반적으로 약 280일이다.,,
자궁근종,산부인과,자궁의 평활근종은 자궁의 근육세포에서 생기는 종양입니다. 자궁에서 가장 흔히 발생하는 양성 종양입니다. 흔히 자궁근종이라고 부릅니다. 에스트로겐의 영향을 받는 일종의 호르몬 의존성 종양입니다. 여성에게 비교적 흔한 질병으로` 가임기 여성의 약 25~35%에서 발견됩니다. 특히 35세 이상의 여성 40~50%에게 발견됩니다.,자궁 평활근종의 원인은 아직까지 정확하게 밝혀지지 않았습니다. 다만` 자궁의 평활근을 이루는 세포 중 비정상적인 세포가 증식하여 자궁근종을 형성하는 것으로 추정됩니다. 가족력도 어느 정도 있습니다.,자궁 평활근종이 있는 여성이더라도 50% 이상은 특별한 증상이 나타나지 않습니다. 증상이 있는 경우에는 자궁근종의 위치` 수` 크기 등에 따라 다양한 증상이 유발될 수 있습니다. 월경 과다가 가장 흔한 증상입니다. 이 밖에도 비정상 자궁 출혈` 월경 불순` 골반 통증` 월경통` 골반 압박감` 빈뇨` 성교통` 복통` 요통` 불임 및 생식기능 이상 등의 증상이 나타날 수 있습니다.
자궁외임신,산부인과,자궁 외 임신은 수정란이 정상적으로 착상을 하는 장소인 자궁 내부가 아니라 다른 장소에 착상되는 임신을 말합니다.,자궁 외 임신에서 수정란이 흔히 착상하는 부위로는 난관` 자궁 경관` 난소` 복강 등이 있습니다. 그중에서 95%는 난관 임신에 해당합니다. 자궁 외 임신은 다양한 원인에 의해 발생할 수 있습니다. 골반 감염에 의한 염증` 수술 등에 의한 난관 손상` 피임을 위해 자궁 내 피임 장치를 삽입한 경우` 불임 수술` 과거의 개복 수술 경험` 유산` 불임` 난관의 비염증성 질환` 자궁내막증` 자궁근종` 약물` 흡연 등이 관련되어 있습니다.,자궁 외 임신의 초기 증상은 둔한 하복부 통증과 소량의 출혈입니다. 일반적인 유산의 초기 증세와 비슷하다고 생각하거나` 생리가 늦어진다고 생각하여 그냥 지나치는 경우가 많습니다. 하지만 착상된 수정란이 점차 커지면서 난관 파열` 혈복강` 질 출혈이 일어날 수 있습니다. 난관 파열이나 난관 유산되면 갑자기 하복부에 심한 통증과 함께 질 출혈이 발생합니다. 얼굴이 창백해지고` 맥이 빨라지고` 식은땀이 나고` 호흡이 곤란해집니다. 병이 진행되면 복강 안에 대량의 출혈이 일어나 쇼크 상태에 빠지기도 합니다. 출혈이 심한 경우에는 응급 수술 등의 응급 치료가 필요합니다.
장폐색,소화기내과`소아외과`대장항문외과,장폐색은 소장이나 대장의 일부가 여러 요인에 의해 부분적으로 또는 완전히 막혀서 장의 내용물(음식물` 소화액` 가스)이 빠져나가지 못하여` 배변과 가스가 장내에 축적되어 장애를 일으키는 현상을 말합니다.,장폐색의 원인은 크게 장관이 기계적으로 막힌 경우와 장관의 운동이 마비된 경우로 나눌 수 있습니다. ① 장관이 기계적으로 막힌 경우장의 통과 장애가 일어나서 장관이 기계적으로 막힙니다. 개복 수술 후에 장의 유착이 생긴 경우` 대장암 등으로 장관이 막힌 경우` 탈장이 심하고 오래되어 장관이 막힌 경우` 장중첩이 일어난 경우` 장관의 일부가 꼬여 매듭을 이루는 경우에 발생할 수 있습니다. ② 장관의 운동이 마비된 경우장 이외의 장소에서 일어난 장애의 영향을 받아 장 기능이 저하되어 발생합니다. 위 또는 십이지장 궤양의 천공 등으로 급성 복막염이 생긴 경우` 급성 췌장염` 급성 담낭염` 복부 외상 등으로 복막에 심한 자극이 생긴 경우` 복부 수술을 시행한 직후 과량의 장기능 억제제를 사용한 경우에 발생할 수 있습니다.,장폐색의 대표적인 증상으로는 복통` 구토가 있습니다. ① 복통복통은 발작성 혹은 경련성 통증으로 나타납니다. 좁아진 부위로 음식물을 밀어내기 위해서 장운동이 늘어나면서 통증이 생깁니다. 처음에는 폐색을 일으킨 부분에만 통증이 나타나다가` 점차 배 전체로 퍼지게 됩니다. ② 구토장이 폐색된 병변의 위쪽 부분은 음식이나 체액` 소화액` 가스 등이 차면서 급격히 팽창하여 복부 팽만과 오심` 구토를 초래합니다. 구토의 정도는 폐색이 일어난 부위에 따라 다릅니다. 상부 소장이 막히면 처음부터 심한 구토증이 나타납니다. 처음에는 황갈색의 담즙이 섞인 액체를 토하다가` 시간이 지나면 대변 냄새가 나는 물질을 토합니다. 또한 수분 결핍이 심하며` 전신 증상도 단시간 내에 악화됩니다. ③ 기타장이 완전히 폐색되면 대변을 보고 싶지만 전혀 볼 수 없습니다. 장폐색이 일어난 부분의 아래쪽 변은 배설될 수도 있습니다. 장폐색의 원인이 장중첩증일 때는 혈변이 나오기도 합니다. 소화 흡수 장애에 의한 수분과 전해질의 불균형에 의해 탈수` 빈맥` 저혈압이 나타납니다.
전립선염 / 전립선암,비뇨의학과,전립선에 염증이 생기는 병으로` 성인 남성에서는 50%가 평생동안 한번은 전립선염 증상을 경험한다고 할 정도로 흔한 질환입니다./전립선에 암세포가 발생한 것입니다.,만성 전립선염이 생기는 가장 흔한 원인으로는 요로계 감염 시 세균이 요도를 통해 직접 감염이 되는 경우입니다. 그러나 전립선액의 배설장애` 전립선 내로의 요 역류가 원인이 되기도 하며 치질이나 대장염과 같은 염증이 림프관을 통해 전염될 수도 있습니다. 대표적인 원인균으로는 장내 세균` 장구균` 임질균` 유레아플라즈마` 클라미디아 등이 있으며 바이러스` 원충류의 감염과 자가면역` 정신적 요인(스트레스` 피로` 우울증) 또한 원인이 될 수 있습니다. 전립선액 내의 항균인자인 아연의 농도 저하` 전립선 석회화나 결석도 재발의 원인으로 작용할 수 있습니다.,가장 흔히 호소하는 증상은 회음부의 불쾌감으로 가벼운 불쾌감에서 심한 작열감 및 압박감` 통증까지 다양하게 나타납니다.전신무력감` 피로` 빈뇨` 배뇨곤란` 긴박뇨` 잔뇨감` 야간뇨` 요도구 끝의 통증이나 불쾌감` 사정 시의 통증이나 이상 분비물` 발기부전이나 조루 등이 나타날 수 있습니다. 또 소변이 탁하고 간혹 우윳빛이나 혈성 분비물이 보이기도 합니다. 과음` 과로` 스트레스` 과격한 성생활` 장거리 운전` 장시간 앉아서 일을 한 후에는 증상이 악화될 수 있습니다. 기타 증상으로는 팔다리저림` 허리 통증 등의 이상을 보이기도 합니다.
전염성 단핵구증,감염내과`혈액내과,감염성 단핵구증은 주로 엡스타인-바 바이러스(EBV)에 의해 발생하는 일련의 증상(발열` 편도선염` 림프절 비대)을 일컫는 진단명입니다.,감염성 단핵구증의 가장 주된 원인은 엡스타인-바 바이러스(EBV)이며` 바이러스가 림프구를 감염시킴으로써 여러 가지 증상이 나타납니다. 이 감염은 매우 흔하게 나타납니다. 또한 감염된 사람 중 절반 이상은 특별한 증상이 발견되지 않기 때문에 감염 여부를 모르고 지나가는 경우가 있습니다. 전파의 주된 경로는 타액입니다. 기침이나 재채기에 의해 감염된 타액의 비말과 점액이 공중에 떠다니다가 다른 사람에게 호흡되어 전파되거나` 같은 그릇에 음식을 나누어 먹거나 마시면서 감염되기도 합니다.,감염된 후 4~8주 정도의 잠복기가 지난 후에 증상이 나타납니다. 첫 증상은 무기력함이나 쇠약감` 식욕 상실` 고열` 오한입니다. 그 이후에 점차 심한 증상이 나타나는데` 가장 흔한 증상으로 인후통` 발열` 이하선 부종이 있습니다. 편도가 심하게 붓거나 점액이 낄 수 있고` 인후통으로 인해 음식물을 삼키기 힘들며 목` 겨드랑이` 사타구니의 림프절의 통증과 부종이 있습니다. 또한 비장이 커져서 복부에 압통을 느낄 수 있으며` 식욕 감퇴` 체중 감소` 두통` 피로감이 생깁니다. 드물게 얼굴과 몸에 발진이 나타나기도 합니다. 인후통과 고열 증상은 금방 없어지며 다른 증상도 일주일 정도 지나면 호전됩니다. 그러나 통증이 오래 남아 있을 수 있고` 감염 후 수개월 동안 무기력증을 호소하기도 합니다.
질염,산부인과,질염은 여성의 생식기인 질이 세균에 감염되어 염증이 생긴 것을 의미합니다. 정상적인 질에서는 항상 윤활액을 분비하여 질벽을 보호합니다. 이러한 분비물은 냄새가 없고 맑아야 정상입니다. 그러나 질에 염증이 생기면 질 분비물의 냄새가 심하거나` 외음부의 가려움증이 생기거나` 색깔이 평소와 다르게 변합니다.,질염은 원인에 따라 세균성 질염` 트리코모나스 질염` 칸디다 질염 등으로 나눌 수 있습니다. 정확한 기전은 알려지지 않았습니다. 다만 성교나 질 세척 후 질 내의 산도(pH4.5)가 변화되어 질염을 유발한다고 알려져 있습니다. 그 외에도 꽉 조이는 의류나 통기가 안 되는 옷의 착용` 경구용 피임제 복용` 폐경` 당뇨병 등 질 내의 산도를 변화시킬 수 있는 요인에 의해서 질염이 생길 수 있습니다.,질염의 가장 흔한 증상은 분비물 증가입니다. 심하면 속옷이 젖을 정도로 분비물이 많이 나오기도 합니다. 질 분비물에서 비린내 같은 악취가 나는 경우도 있습니다. 질 입구의 가려움` 화끈거림` 성관계 시 통증` 배뇨 시 쓰라림 등을 동반합니다.
척추관 협착증,마취통증의학과`신경외과`정형외과,여러 개의 작은 척추뼈가 모여서 척추라는 인체의 기둥을 이룹니다. 척추뼈 사이에는 척추뼈끼리 부딪치는 것을 막아주는 쿠션 같은 역할을 하는 '디스크(disc)'라는 말랑말랑한 젤리 같은 구조물이 있습니다. 우리말로는 '추간판'이라고 합니다. 디스크(추간판)의 한가운데에는 젤리같이 찐득찐득한 '수핵'이라는 물질이 들어 있습니다. 그 주변에 수핵을 둘러싸는 '섬유륜'이라는 두꺼운 막이 있습니다. 디스크는 전체적으로 자동차의 타이어와 같은 형태입니다. 디스크는 일어선 상태에서는 중력을 받아 납작해져서 바깥쪽으로 약간 볼록한 형태가 됩니다. 디스크는 그 특수한 구조 때문에 웬만한 힘이 가해져도 효율적으로 쿠션 역할을 할 수 있습니다. 그러나 갑자기 무거운 물건을 들어 올리거나` 부자연스러운 자세를 오랫동안 취하면 디스크에 무리한 힘이 가해지면서 디스크가 밖으로 돌출됩니다. 심한 경우 디스크를 감싼 막이 터지면서 그 안에 있는 수핵이 튀어나옵니다. 디스크는 대개 후방이나 후외방으로 돌출됩니다. 이때 바로 곁에 있는 신경을 누르게 됩니다. 돌출된 디스크는 척추의 어느 부위에나 생길 수 있습니다. 목에 생기면 '목 디스크'` 등에 생기면 '등 디스크'` 허리에 생기면 '허리 디스크'라고 부릅니다. 이와 같이 디스크가 돌출되어 신경을 눌러 요통 및 다리가 아프고 저린 증상을 일으키는 병을 '추간판 탈출증' 또는 '디스크 탈출증'이라고 합니다. 발생 빈도별로 보면 허리 디스크가 가장 흔합니다. 그다음이 목 디스크입니다. 등 디스크는 드문 병입니다.,허리 디스크의 정확한 원인은 아직 밝혀지지 않았습니다. 다만 가장 유력한 원인은 '변성된 디스크에 과도한 외력이 가해지면서 디스크가 돌출되는 것'으로 생각됩니다. 그동안 어떤 사람들이 허리 디스크에 잘 걸리는지에 대한 연구가 많이 진행되었습니다. 그러나 무거운 물건을 많이 드는 직업` 운전을 많이 하는 직업` 흡연을 하는 사람에게 위험성이 높다는 사실 이외에 아직 뚜렷하게 입증된 사실이 없습니다. 나이가 들수록 디스크 돌출의 빈도가 높아집니다. 이 때문에 어떤 의사들은 허리 디스크를 나이가 들면서 생기는 노화 현상이라고 말합니다. 나이가 들면 디스크 내부의 수분 함량이 줄어들면서 디스크가 탄력을 잃게 되는데` 탄력을 잃은 디스크에 무리한 힘이 가해지면 디스크가 돌출된다는 것입니다. 하지만 10세의 어린아이에서도 디스크가 발생하는 것으로 보아 노화 현상만으로 다 설명할 수는 없습니다.,허리 디스크 환자에게 가장 두드러지게 나타나는 두 가지 증상은 '요통'과 '다리가 저리고 아픈 증상'입니다. 환자에 따라서 요통이 주 증상인 경우도 있고` 다리의 통증이 주 증상인 경우도 있습니다. 하지만 대부분의 허리 디스크는 요통보다 다리의 통증이 더 심한 것이 특징입니다. 다리의 증상이 전혀 없이 요통만 있는 경우는 허리 디스크보다는 다른 원인이 있을 가능성이 있습니다. 허리 디스크에서 요통은 허리 부위뿐만 아니라 엉덩이 부위의 통증으로도 많이 나타납니다. 다리의 통증은 허리나 엉덩이에서 시작하여 허벅지와 장딴지의 뒤쪽과 바깥쪽을 따라서 발등이나 발바닥까지 내려가는 방사통의 양상으로 나타납니다. 대개의 경우 한쪽 다리나 한쪽 엉덩이에서 통증을 느끼지만` 심한 경우 양쪽 다리 모두 통증을 느낍니다. 돌출된 디스크로 신경이 심하게 눌리는 환자는 발목이나 발가락 마비` 감각 저하 등의 신경 증상을 보입니다. 
천식,호흡기내과`알레르기내과`소아천식아토피센터,천식은 알레르기 염증에 의해 기관지가 반복적으로 좁아지는 만성 호흡기 질환입니다. 기관지가 좁아져서 숨이 차고` 기침이 나며` 가슴에서 색색거리는 소리가 들리고` 가슴이 답답해지는 증상이 반복적으로 되풀이됩니다. 우리나라 성인 인구의 5% 정도가 천식을 앓는 것으로 알려져 있습니다. 최근 전 세계적으로 천식 환자 수가 증가하고 있습니다.,1` 대기 알레르겐 1) 꽃가루봄에는 수목` 여름에는 목초` 가을에는 잡초 화분이 날립니다. 화분은 바람에 의해 수 km씩 이동하므로 도시에서도 높은 분포를 보입니다. 2) 곰팡이실외의 곰팡이는 종류에 따라 포자 형성 시기가 다르기는 하지만` 우리나라에서는 우기인 7` 8월에 분포가 절정에 달합니다. 집 안의 곰팡이는 습도가 높은 지하실` 창고` 부엌에 많습니다. 부패한 음식물에도 곰팡이가 숨기 쉽습니다. 청결 유지와 실내 습도를 낮추는 것이 예방책입니다. 3) 집먼지 진드기카펫` 침대 매트리스` 천으로 만든 소파` 커튼` 봉제 인형 등에 서식합니다. 4) 바퀴벌레바퀴벌레는 체부가 중요한 알레르겐입니다. 약제로 박멸합니다. 실내` 특히 부엌을 깨끗이 유지하고` 음식물 찌꺼기를 없애야 합니다. 5) 동물 알레르겐고양이는 털뿐 아니라 침에도 알레르겐이 존재합니다. 애완견도 문제가 됩니다. 개와 고양이의 털 사이에는 교차 항원성이 존재합니다. 2` 실내의 비특이적 자극원 1) 담배 연기담배 연기는 증상을 악화시키므로 천식 환자는 금연해야 합니다. 부모가 흡연할 경우에 아동의 천식 발생 빈도가 증가합니다. 2) 냄새음식 조리 시 발생하는 냄새` 향수` 각종 스프레이` 방향제` 난방 기구의 냄새 등이 천식 증상을 악화시킬 수 있으므로 음식을 조리할 때는 후드를 사용하고` 환기해야 합니다.,기관지 천식은 유전적 요인과 환경적인 요인이 함께 상호작용하여 나타납니다. 기관지 천식의 특징적인 증상-  천명 : 숨을 들이쉬고 내쉴 때 나는 휘파람과 비슷한 소리(색색거리는 소리)-  기침 : 발작적이고 밤에 더 심합니다.-  흉부 압박 : 가슴을 조이는 듯한 답답한 느낌-  호흡 곤란 : 마치 빨대를 입에 물고 숨을 쉬는 것처럼 숨이 찹니다.-  가래 : 끈끈하고 덩어리가 진 가래 1` 천식 증상은 복합적이며 자주 변합니다.환자에 따라 기침만 하거나` 호흡 곤란만 느낄 수도 있습니다. 하지만 환자는 대부분 이런 증상들이 함께 나타납니다. 천식의 증상은 오래 지속되기도 하고 반복되기도 하는 등 자주 변화합니다. 2` 환자에 따라 같은 양상의 발작이 반복됩니다.어떤 사람은 감기 증상이 있다가 서서히 악화되어 심한 천식 발작을 일으키기도 하지만` 어떤 사람은 전혀 증상이 없다가 갑자기 심한 천식 발작을 일으키기도 합니다. 증상의 발현과 악화 정도` 회복 기간 등이 환자마다 특징적 양상으로 반복되는 경우가 많습니다.
추간판 탈출증,신경외과`정형외과,경추 추간판 탈출증은 디스크(추간판)가 밀려나 주위 신경근을 자극하여 통증을 일으키는 질환으로` 흔히 ‘목 디스크’라고 부릅니다. 척추는 33개의 뼈로 연결되어 있는데` 척추의 뼈와 뼈 사이에서 몸의 충격을 흡수하고 완충하는 것이 추간판` 일명 ‘디스크’입니다. 디스크는 스프링처럼 충격을 완화하고 척추뼈들끼리 부딪히지 않도록 보호합니다. 디스크는 80%가 수분 성분인 젤리처럼 생긴 수핵(가운데 위치)과 이 수핵을 둥글게 둘러싼 섬유륜으로 구성됩니다. 나이가 들면 수핵의 수분 함량이 감소하여 탄력성이 떨어지고` 나쁜 자세나 사고 등 외부적인 자극이 가해져 디스크가 밀려나는데` 이것이 이 질환의 원인이 됩니다.,경추 추간판 탈출증은 일상생활의 잘못된 습관이나 사고 등으로 인해 목에 직접적인 충격이 가해졌을 때 나타나기 쉽습니다.① 장시간 앉아 있으면서 머리와 목을 앞으로 내미는 습관② 눈이 나빠 눈을 찡그리며 목을 빼고 앞으로 보는 습관③ 사고 등 직접적인 충격으로 목뼈나 관절에 손상이 생긴 경우④ 평발이거나 발에 맞지 않은 신발을 계속 신는 경우⑤ 무거운 물건을 들어 올리는 경우⑥ 높은 베개를 사용하는 경우,경추 추간판 탈출증의 증상은 다음과 같습니다.① 목의 통증② 어깨` 팔` 손바닥` 손가락의 통증③ 감각 이상(만지면 전기가 오듯 저린 느낌` 둔한 느낌)④ 마비 증상(쥐는 힘이 떨어져 물건을 놓침` 팔을 들어 올리기가 힘듦`)⑤ 눌리는 신경의 위치에 따라 통증의 위치도 변함`
췌장염,소화기내과`간담도췌외과,급성 췌장염은 담석` 음주` 약물` 종양` 손상 등의 원인에 의해 췌장이 자가 소화되는 급성 염증성 질환을 의미합니다.,급성 췌장염의 가장 흔한 원인은 담석과 음주입니다. 이 외에 고중성지방혈증이나 고칼슘혈증` 약물` 췌장 기형` 복부 손상` 감염` 유전 등의 원인이 있습니다. 내시경적 역행성 췌담관조영술에 의해서 발생하기도 합니다.,급성 췌장염이 생기면` 반듯하게 누워 있을 때 복부 통증이 심해져서 허리를 앞으로 굽히고 무릎을 끌어당긴 자세를 취하게 됩니다. 왼쪽 배 또는 오른쪽 어깨로 뻗어 나가는 통증이 생깁니다. 복부 통증은 보통 음식 섭취로 인해 악화됩니다. 대부분 구역질과 구토를 합니다. 담석이 원인인 경우 황달이 나타나기도 합니다. 기름진 음식이 잘 소화되지 않아 회색 변을 보기도 합니다.
쿠싱증후군,내분비내과`신경과`신경외과,쿠싱 증후군은 우리 몸이 필요 이상으로 많은 양의 당류코르티코이드라는 호르몬에 노출될 때 생기는 질환입니다.,쿠싱 증후군은 부신에서 필요 이상의 당류코르티코이드를 만들어내거나` 외부에서 많은 양의 당류코르티코이드가 유입되었을 때 생길 수 있습니다. 부신에서 필요 이상으로 많은 당류코르티코이드를 만들어내는 원인은 다음 세 가지가 있습니다. ① 뇌하수체에서 당류코르티코이드 분비를 조절하는 부신피질자극호르몬이 많이 분비되는 경우입니다. 이는 주로 뇌하수체에서 부신피질자극호르몬을 분비하는 종양이 생겨서 발생합니다. ② 부신에 종양이 생겨 이 종양에서 당류코르티코이드를 과다 생성하는 경우입니다. ③ 뇌하수체가 아닌 다른 곳(폐종양 등)에서 부신피질호르몬을 많이 생성하고` 이 때문에 부신에서 당류코르티코이드를 과다 생성하는 경우입니다.,쿠싱 증후군이 있으면 얼굴 모양이 달덩이처럼 둥글게 되며` 목뒤와 어깨에 피하지방이 과도하게 축적됩니다. 이뿐만 아니라 골다공증이나 근력이 허약해지는 등 근골격계 증상도 나타납니다. 이외에도 여드름` 조모증` 홍조` 피부가 얇아지는 증상` 멍이 잘 드는 증상` 자색 선조` 성기능 이상` 혈당 상승` 혈압 상승 등의 증상이 나타납니다.
크롬세포친화종,내분비내과,갈색세포종은 주로 부신수질에서 발생하는 종양을 말합니다.,갈색세포종의 10~30％는 가족 유전성입니다. 이 경우 여러 내분비 장기에 다발성으로 종양이 발생하기도 합니다.,부신 종양으로 인해 호르몬 중 혈압을 높이는 물질인 아드레날린` 노르아드레날린 등의 카테콜라민이 과다하게 생산` 분비되면 혈관이 수축하여 고혈압이 발생합니다. 호르몬 분비로 혈당이 높아지기도 합니다. 또한 두통` 심계항진이 생길 수 있으며` 심장발작이나 뇌졸중이 생길 수 있습니다. 이 외에 어지럼증` 시력장애` 오심` 구토` 체중 감소` 이명` 변비` 땀을 많이 흘리는 증상` 사지가 차가워지는 증상이 나타나기도 합니다. 또 앞쪽 흉부가 조여지는 것 같은 협심증과 유사한 증상이 생길 수 있습니다. 한편` 종양이 있어도 아무런 증상이 나타나지 않는 경우도 있습니다. 
폐 색전증,심장내과`심장병원,폐 혈전색전증은 다리에 있는 굵은 정맥에 생긴 핏덩어리(혈전)가 떨어진 후 혈류를 타고 돌아다니다가 가느다란 폐동맥 혈관 가지를 막음으로써 발생하는 증상입니다,폐 혈전색전증을 유발하는 위험 요인으로는 고령` 수술` 외상` 부동` 마비` 암 또는 항암 치료` 색전증의 과거력 및 가족력이 있습니다. 이외에 임신 또는 최근 출산력` 경구 피임약 복용 또는 호르몬 대체 요법` 심부전` 호흡 부전` 신부전 등 내과적 질환이 있으며 비만` 흡연` 중심 정맥관 등도 유발 요인입니다.,폐 혈전색전증의 증상은 다음과 같습니다. ① 흉통` 호흡 곤란이 있습니다. 객혈은 환자의 20%에서 관찰됩니다.② 폐 색전증 환자에서 객혈은 폐경색을 의미합니다. 이는 발열의 원인이 됩니다.③ 흉골하 혹은 명치끝 통증은 우심실의 심장내막하경색과 연관성이 있습니다.④ 심한 곤란 상태일 때는 수축기 혈압이 100mmHg 미만이며` 맥박 수가 혈압을 초과합니다.(쇼크 지수 측정 : 맥박 수/수축기 혈압 > 1`0)⑤ 심정지는 가장 심한 곤란 상태를 시사합니다.(폐 색전증 환자 중 82%)(무맥성 심장 활동 60%` 무수축 30%)⑥ 빈맥은 중요한 소견이지만` 빈맥 유무를 가지고 폐 색전증이 아니라고 판단할 수는 없습니다.(50% 이상에서 맥박은 100회/min 미만)
폐경,내분비내과`산부인과,폐경은 '월경이 중지되는 것'을 의미합니다. 의학적 의미의 폐경은 마지막 월경이 있은 후 1년간 월경이 없는 경우입니다.,폐경 연령은 환자마다 차이가 있을 수 있습니다. 40세 이전` 또는 그 이전에 조기 폐경이 발생하는 경우도 있습니다. 그러나 폐경 연령에 차이가 나는 이유는 분명하지 않습니다. 사람마다 유전적으로 결정된 폐경 시기에 차이가 있다고 생각됩니다. 이 밖에도 수술` 항암제` 방사선 치료` 감염` 환경 호르몬 등이 폐경에 영향을 미친다고 추측됩니다. ,폐경 증상 중 신체적인 증상으로는 안면 홍조` 발한` 두통` 심계항진` 불면` 심한 피로감` 피부 속으로 뭔가 기어가는 듯한 느낌이 있습니다. 심리적 증상으로는 불안` 우울` 감정 변화` 건망증` 소외감 등이 있으며` 성감 감소` 요실금이 발생할 수도 있습니다. 체내 지지 조직의 지지력 상실 및 뼈 약화로 인해 요통` 근육통` 관절통이 나타날 수 있습니다. 이 증상이 더 진행되면 골다공증으로 인한 골절이 잦아집니다. 일반적으로 폐경기 증상은 3~5년 정도 지속되지만` 이는 사람마다 차이가 있으므로 정확하게 단정할 수 없습니다. 증상을 거의 느끼지 못하는 경우도 있고` 수개월 내에 증상이 사라지는 경우도 있으며` 증상이 10년 이상 지속되는 경우도 있습니다.  
폐렴,노년내과`호흡기내과`소아천식아토피센터,폐렴은 세균이나 바이러스에 의해 세기관지 이하 폐조직에 염증이 발생하는 감염성 질환입니다. 일반적으로 발열` 기침` 가래와 같은 증상이 나타납니다. 흉부 X-ray 사진에서 폐렴을 의심할 수 있는 소견이 확인됩니다.,폐렴의 원인으로는 세균` 바이러스` 곰팡이 등이 있습니다. 드물게는 화학 물질이나 구토물 같은 물질을 흡입함으로써 폐에 염증이 생길 수 있습니다. 요즘은 효과적인 항생제 덕분에 폐렴의 많은 경우가 완치가 되고 있습니다. 하지만 폐렴 원인균의 항생제 내성도 전차 더 강해지고 있어 폐렴은 옛날보다 더 치료하기 어려워졌습니다. ,폐렴이 생기면 기침` 가래` 호흡 곤란과 같은 증상이 나타납니다. 특히 가래 색깔이 노랗거나 탁하게 변하는 경우가 많습니다. 발열` 오한이 동반되는 경우가 흔합니다. 하지만 경미한 폐렴의 경우에는 특별한 증상이 나타나지 않을 수 있습니다. 피로감` 두통` 설사와 같은 비특이적인 증상이 발생하는 경우도 있습니다.
폐암,종양내과`호흡기내과`방사선종양학과`흉부외과`암병원,폐암이란 폐에 비정상적인 암세포가 무절제하게 증식하여 종괴(덩어리)를 형성하고 인체에 해를 미치는 것을 말합니다. 폐암은 폐에 국한되어 발견되기도 합니다. 하지만 폐암은 진행되면 반대쪽 폐뿐만 아니라 임파선이나 혈액을 통하여 뼈` 간` 부신` 신장` 뇌` 척수 등 온몸으로 전이될 수 있습니다. 미국에서는 연간 99`000명 정도의 남성` 78`000명 정도의 여성이 폐암 진단을 받으며` 진단 후 5년 이내에 86% 정도가 사망합니다. 한국인 사인 분류 통계에 의하면 폐암은 지속적으로 증가하고 있고` 사망률 또한 꾸준히 증가하고 있습니다.,흡연은 폐암의 가장 큰 발병 요인입니다. 흡연자는 비흡연자에 비해 폐암에 걸릴 위험이 15~80배까지 증가하는 것으로 알려져 있습니다. 대기 오염 등의 환경 요인도 폐암 발병과 관련이 있습니다. 한편 직업에 따라 석면이나 크롬 등의 물질에 노출되는 것이 폐암의 원인으로 지적되기도 합니다. 이러한 물질의 노출에 흡연 습관이 더해지면 폐암이 발생할 가능성이 높아진다고 알려져 있습니다. 이외에 유전적 요인` 호흡기 질환의 과거력이 폐암의 유발 요인이 됩니다.   ,폐암은 특이 증상이 없는 경우가 많습니다. 일반적으로 감기 증상` 기침` 피 섞인 가래 혹은 객혈` 호흡 곤란` 흉부 통증` 목이 쉰 소리가 나는 등의 증상이 발생합니다. 
피부염,피부과,피부염은 피부에 생긴 염증을 말합니다. 이는 습진과 같은 의미로 사용되기도 합니다.,염증의 원인은 불확실한 경우가 많습니다.,염증의 형태와 양상은 매우 다양합니다. 습진이라고 하면 습한 곳에 생기는 것이라고 생각하는 경우가 있지만` 습한 부위에 생겨서가 아니라 피부병의 모양이 습하게 보이는 경우가 있어서 습진이라는 부르는 것입니다.
혈액응고장애,혈액종양내과,혈소판이나 혈액응고인자가 모자라거나` 그 기능에 이상이 있으면 출혈이 일어나도 피가 잘 멎지 않습니다.,,
횡문근융해증,신장내과,횡문근융해증이란 외상` 운동` 수술 등의 이유로 근육에 에너지 공급이 충분하지 않아 괴사가 일어나고` 이로 인해 생긴 독성 물질이 순환계로 유입되는 질환입니다. 이 독성 물질은 신장의 필터 기능을 저하시켜 급성 세뇨관 괴사나 신부전증을 일으킵니다.,횡문근융해증의 원인은 크게 외상이나 근육 압박` 비외상성 운동` 그 외로 나눌 수 있습니다. ① 외상이나 근육 압박압박 증후군` 학대받은 아동` 장시간의 부동 자세` 장기간 근육 압박을 받는 자세로 수술한 경우` ② 비외상성 운동훈련받지 않은 사람이 격렬한 운동을 한 경우` 덥고 습한 환경에서 운동한 경우` 약 복용 등에 의해 땀을 흘리면서 열을 식히는 기전이 손상된 경우` 땀흘림에 의해 저칼륨혈증이 생겨 혈관 확장에 의한 혈류 증가가 안 되는 경우` ③ 그 외대사성 근 질환(당합성` 당분해` 지질 대사` 퓨린대사 장애)` 악성 고열증` 신경 이완제 악성 증후군` 저체온증` 약물` 독소` 감염` 전해질 장애` 내분비 장애` 염증성 근 질환`,횡문근융해증은 근 손상으로 인한 근육 통증과 경직` 근 무력감이 나타납니다. 근 손상이 심한 경우 근육 쇠약이 나타나기도 합니다. 소변의 색이 적색이나 갈색으로 나타납니다.   
